inventory_id,product_id,stock_quantity,reorder_level,warehouse,last_updated
1,1,152,100,West Hub (Mumbai),2026-08-05
2,2,362,20,North Hub (Delhi),2026-08-05
3,3,361,10,South Hub (Bengaluru),2026-08-05
4,4,379,10,North Hub (Delhi),2026-08-05
5,5,268,50,North Hub (Delhi),2026-08-05
6,6,151,50,North Hub (Delhi),2026-08-05
7,7,120,10,North Hub (Delhi),2026-08-05
8,8,155,100,North Hub (Delhi),2026-08-05
9,9,179,100,East Hub (Kolkata),2026-08-05
10,10,452,100,North Hub (Delhi),2026-08-05
11,11,280,20,East Hub (Kolkata),2026-08-05
12,12,8,50,East Hub (Kolkata),2026-08-05
13,13,165,50,East Hub (Kolkata),2026-08-05
14,14,199,20,East Hub (Kolkata),2026-08-05
15,15,323,10,South Hub (Bengaluru),2026-08-05
16,16,5,10,North Hub (Delhi),2026-08-05
17,17,191,20,East Hub (Kolkata),2026-08-05
18,18,414,50,West Hub (Mumbai),2026-08-05
19,19,486,20,East Hub (Kolkata),2026-08-05
20,20,397,20,South Hub (Bengaluru),2026-08-05
21,21,461,20,North Hub (Delhi),2026-08-05
22,22,198,10,South Hub (Bengaluru),2026-08-05
23,23,478,20,South Hub (Bengaluru),2026-08-05
24,24,37,20,West Hub (Mumbai),2026-08-05
25,25,448,100,North Hub (Delhi),2026-08-05
26,26,219,20,East Hub (Kolkata),2026-08-05
27,27,453,10,North Hub (Delhi),2026-08-05
28,28,335,10,West Hub (Mumbai),2026-08-05
29,29,88,50,East Hub (Kolkata),2026-08-05
30,30,144,100,South Hub (Bengaluru),2026-08-05
31,31,34,20,North Hub (Delhi),2026-08-05
32,32,177,10,East Hub (Kolkata),2026-08-05
33,33,488,100,East Hub (Kolkata),2026-08-05
34,34,144,10,East Hub (Kolkata),2026-08-05
35,35,342,50,East Hub (Kolkata),2026-08-05
36,36,0,20,West Hub (Mumbai),2026-08-05
37,37,97,50,South Hub (Bengaluru),2026-08-05
38,38,237,10,East Hub (Kolkata),2026-08-05
39,39,394,10,North Hub (Delhi),2026-08-05
40,40,372,100,North Hub (Delhi),2026-08-05
41,41,275,50,East Hub (Kolkata),2026-08-05
42,42,12,20,North Hub (Delhi),2026-08-05
43,43,364,50,West Hub (Mumbai),2026-08-05
44,44,57,50,South Hub (Bengaluru),2026-08-05
45,45,363,50,South Hub (Bengaluru),2026-08-05
46,46,404,20,East Hub (Kolkata),2026-08-05
47,47,142,100,North Hub (Delhi),2026-08-05
48,48,62,20,North Hub (Delhi),2026-08-05
49,49,235,50,West Hub (Mumbai),2026-08-05
50,50,484,50,North Hub (Delhi),2026-08-05
51,51,64,50,East Hub (Kolkata),2026-08-05
52,52,268,50,South Hub (Bengaluru),2026-08-05
53,53,162,100,North Hub (Delhi),2026-08-05
54,54,22,10,South Hub (Bengaluru),2026-08-05
55,55,482,100,South Hub (Bengaluru),2026-08-05
56,56,145,100,North Hub (Delhi),2026-08-05
57,57,18,10,South Hub (Bengaluru),2026-08-05
58,58,85,20,North Hub (Delhi),2026-08-05
59,59,388,20,West Hub (Mumbai),2026-08-05
60,60,366,20,West Hub (Mumbai),2026-08-05
61,61,438,100,North Hub (Delhi),2026-08-05
62,62,374,50,South Hub (Bengaluru),2026-08-05
63,63,84,20,East Hub (Kolkata),2026-08-05
64,64,226,20,South Hub (Bengaluru),2026-08-05
65,65,11,100,East Hub (Kolkata),2026-08-05
66,66,171,10,South Hub (Bengaluru),2026-08-05
67,67,61,10,South Hub (Bengaluru),2026-08-05
68,68,182,50,South Hub (Bengaluru),2026-08-05
69,69,82,100,North Hub (Delhi),2026-08-05
70,70,156,10,North Hub (Delhi),2026-08-05
71,71,404,20,South Hub (Bengaluru),2026-08-05
72,72,449,50,South Hub (Bengaluru),2026-08-05
73,73,298,10,West Hub (Mumbai),2026-08-05
74,74,70,50,South Hub (Bengaluru),2026-08-05
75,75,9,20,South Hub (Bengaluru),2026-08-05
76,76,118,10,West Hub (Mumbai),2026-08-05
77,77,198,20,South Hub (Bengaluru),2026-08-05
78,78,182,20,East Hub (Kolkata),2026-08-05
79,79,258,50,South Hub (Bengaluru),2026-08-05
80,80,464,50,East Hub (Kolkata),2026-08-05
81,81,470,10,West Hub (Mumbai),2026-08-05
82,82,303,100,West Hub (Mumbai),2026-08-05
83,83,117,20,West Hub (Mumbai),2026-08-05
84,84,381,10,North Hub (Delhi),2026-08-05
85,85,378,20,West Hub (Mumbai),2026-08-05
86,86,298,10,West Hub (Mumbai),2026-08-05
87,87,196,50,North Hub (Delhi),2026-08-05
88,88,166,100,West Hub (Mumbai),2026-08-05
89,89,94,20,West Hub (Mumbai),2026-08-05
90,90,247,20,North Hub (Delhi),2026-08-05
91,91,57,50,North Hub (Delhi),2026-08-05
92,92,360,100,North Hub (Delhi),2026-08-05
93,93,177,100,South Hub (Bengaluru),2026-08-05
94,94,91,100,East Hub (Kolkata),2026-08-05
95,95,254,50,West Hub (Mumbai),2026-08-05
96,96,175,100,West Hub (Mumbai),2026-08-05
97,97,135,20,South Hub (Bengaluru),2026-08-05
98,98,258,50,West Hub (Mumbai),2026-08-05
99,99,97,100,North Hub (Delhi),2026-08-05
100,100,217,100,East Hub (Kolkata),2026-08-05
101,101,92,50,South Hub (Bengaluru),2026-08-05
102,102,444,10,East Hub (Kolkata),2026-08-05
103,103,47,100,North Hub (Delhi),2026-08-05
104,104,108,10,East Hub (Kolkata),2026-08-05
105,105,78,10,East Hub (Kolkata),2026-08-05
106,106,173,50,South Hub (Bengaluru),2026-08-05
107,107,37,50,North Hub (Delhi),2026-08-05
108,108,174,10,North Hub (Delhi),2026-08-05
109,109,57,20,East Hub (Kolkata),2026-08-05
110,110,455,100,East Hub (Kolkata),2026-08-05
111,111,302,10,North Hub (Delhi),2026-08-05
112,112,193,50,North Hub (Delhi),2026-08-05
113,113,130,100,South Hub (Bengaluru),2026-08-05
114,114,49,10,North Hub (Delhi),2026-08-05
115,115,119,100,South Hub (Bengaluru),2026-08-05
116,116,344,100,East Hub (Kolkata),2026-08-05
117,117,76,50,East Hub (Kolkata),2026-08-05
118,118,177,50,East Hub (Kolkata),2026-08-05
119,119,111,10,North Hub (Delhi),2026-08-05
120,120,235,100,North Hub (Delhi),2026-08-05
121,121,440,10,East Hub (Kolkata),2026-08-05
122,122,185,100,North Hub (Delhi),2026-08-05
123,123,265,50,West Hub (Mumbai),2026-08-05
124,124,219,10,South Hub (Bengaluru),2026-08-05
125,125,277,20,West Hub (Mumbai),2026-08-05
126,126,165,50,East Hub (Kolkata),2026-08-05
127,127,277,50,North Hub (Delhi),2026-08-05
128,128,319,10,East Hub (Kolkata),2026-08-05
129,129,436,50,North Hub (Delhi),2026-08-05
130,130,19,10,East Hub (Kolkata),2026-08-05
131,131,386,100,North Hub (Delhi),2026-08-05
132,132,456,20,West Hub (Mumbai),2026-08-05
133,133,407,10,East Hub (Kolkata),2026-08-05
134,134,192,100,West Hub (Mumbai),2026-08-05
135,135,123,100,South Hub (Bengaluru),2026-08-05
136,136,25,20,East Hub (Kolkata),2026-08-05
137,137,230,10,West Hub (Mumbai),2026-08-05
138,138,295,10,North Hub (Delhi),2026-08-05
139,139,204,20,South Hub (Bengaluru),2026-08-05
140,140,315,20,East Hub (Kolkata),2026-08-05
141,141,61,10,North Hub (Delhi),2026-08-05
142,142,333,20,South Hub (Bengaluru),2026-08-05
143,143,310,20,West Hub (Mumbai),2026-08-05
144,144,379,50,West Hub (Mumbai),2026-08-05
145,145,7,10,South Hub (Bengaluru),2026-08-05
146,146,285,100,North Hub (Delhi),2026-08-05
147,147,219,20,South Hub (Bengaluru),2026-08-05
148,148,271,50,North Hub (Delhi),2026-08-05
149,149,5,20,North Hub (Delhi),2026-08-05
150,150,44,100,South Hub (Bengaluru),2026-08-05
151,151,491,50,West Hub (Mumbai),2026-08-05
152,152,350,20,North Hub (Delhi),2026-08-05
153,153,212,20,East Hub (Kolkata),2026-08-05
154,154,67,100,West Hub (Mumbai),2026-08-05
155,155,444,10,West Hub (Mumbai),2026-08-05
156,156,23,50,South Hub (Bengaluru),2026-08-05
157,157,376,100,North Hub (Delhi),2026-08-05
158,158,439,50,South Hub (Bengaluru),2026-08-05
159,159,233,100,North Hub (Delhi),2026-08-05
160,160,98,50,West Hub (Mumbai),2026-08-05
161,161,378,20,North Hub (Delhi),2026-08-05
162,162,188,100,East Hub (Kolkata),2026-08-05
163,163,224,10,North Hub (Delhi),2026-08-05
164,164,108,20,East Hub (Kolkata),2026-08-05
165,165,486,50,East Hub (Kolkata),2026-08-05
166,166,4,100,North Hub (Delhi),2026-08-05
167,167,264,10,West Hub (Mumbai),2026-08-05
168,168,377,10,South Hub (Bengaluru),2026-08-05
169,169,125,50,West Hub (Mumbai),2026-08-05
170,170,122,100,North Hub (Delhi),2026-08-05
171,171,460,10,West Hub (Mumbai),2026-08-05
172,172,299,10,East Hub (Kolkata),2026-08-05
173,173,317,10,North Hub (Delhi),2026-08-05
174,174,211,50,West Hub (Mumbai),2026-08-05
175,175,113,10,South Hub (Bengaluru),2026-08-05
176,176,263,100,South Hub (Bengaluru),2026-08-05
177,177,473,20,West Hub (Mumbai),2026-08-05
178,178,412,50,North Hub (Delhi),2026-08-05
179,179,25,100,South Hub (Bengaluru),2026-08-05
180,180,251,100,West Hub (Mumbai),2026-08-05
181,181,105,20,North Hub (Delhi),2026-08-05
182,182,338,50,North Hub (Delhi),2026-08-05
183,183,21,20,West Hub (Mumbai),2026-08-05
184,184,471,20,South Hub (Bengaluru),2026-08-05
185,185,320,100,West Hub (Mumbai),2026-08-05
186,186,217,100,West Hub (Mumbai),2026-08-05
187,187,298,100,East Hub (Kolkata),2026-08-05
188,188,482,20,North Hub (Delhi),2026-08-05
189,189,343,20,South Hub (Bengaluru),2026-08-05
190,190,405,20,East Hub (Kolkata),2026-08-05
191,191,103,50,South Hub (Bengaluru),2026-08-05
192,192,457,10,West Hub (Mumbai),2026-08-05
193,193,441,100,North Hub (Delhi),2026-08-05
194,194,64,100,South Hub (Bengaluru),2026-08-05
195,195,251,20,East Hub (Kolkata),2026-08-05
196,196,23,50,West Hub (Mumbai),2026-08-05
197,197,50,100,East Hub (Kolkata),2026-08-05
198,198,47,50,South Hub (Bengaluru),2026-08-05
199,199,60,100,North Hub (Delhi),2026-08-05
200,200,292,10,West Hub (Mumbai),2026-08-05
201,201,346,20,East Hub (Kolkata),2026-08-05
202,202,486,100,South Hub (Bengaluru),2026-08-05
203,203,498,10,South Hub (Bengaluru),2026-08-05
204,204,243,100,North Hub (Delhi),2026-08-05
205,205,335,10,South Hub (Bengaluru),2026-08-05
206,206,260,10,South Hub (Bengaluru),2026-08-05
207,207,23,20,South Hub (Bengaluru),2026-08-05
208,208,52,50,North Hub (Delhi),2026-08-05
209,209,416,20,South Hub (Bengaluru),2026-08-05
210,210,63,100,East Hub (Kolkata),2026-08-05
211,211,131,100,South Hub (Bengaluru),2026-08-05
212,212,482,100,North Hub (Delhi),2026-08-05
213,213,253,50,West Hub (Mumbai),2026-08-05
214,214,238,10,South Hub (Bengaluru),2026-08-05
215,215,412,50,West Hub (Mumbai),2026-08-05
216,216,1,10,East Hub (Kolkata),2026-08-05
217,217,442,50,East Hub (Kolkata),2026-08-05
218,218,439,50,West Hub (Mumbai),2026-08-05
219,219,372,20,South Hub (Bengaluru),2026-08-05
220,220,429,100,North Hub (Delhi),2026-08-05
221,221,157,100,South Hub (Bengaluru),2026-08-05
222,222,342,50,North Hub (Delhi),2026-08-05
223,223,337,50,North Hub (Delhi),2026-08-05
224,224,314,10,West Hub (Mumbai),2026-08-05
225,225,67,50,North Hub (Delhi),2026-08-05
226,226,417,100,North Hub (Delhi),2026-08-05
227,227,310,50,East Hub (Kolkata),2026-08-05
228,228,199,10,North Hub (Delhi),2026-08-05
229,229,297,10,North Hub (Delhi),2026-08-05
230,230,199,100,East Hub (Kolkata),2026-08-05
231,231,374,10,North Hub (Delhi),2026-08-05
232,232,313,10,East Hub (Kolkata),2026-08-05
233,233,37,20,North Hub (Delhi),2026-08-05
234,234,403,100,South Hub (Bengaluru),2026-08-05
235,235,90,50,West Hub (Mumbai),2026-08-05
236,236,267,100,East Hub (Kolkata),2026-08-05
237,237,192,50,East Hub (Kolkata),2026-08-05
238,238,298,100,North Hub (Delhi),2026-08-05
239,239,287,100,North Hub (Delhi),2026-08-05
240,240,85,20,North Hub (Delhi),2026-08-05
241,241,464,10,South Hub (Bengaluru),2026-08-05
242,242,312,50,South Hub (Bengaluru),2026-08-05
243,243,340,20,East Hub (Kolkata),2026-08-05
244,244,454,50,South Hub (Bengaluru),2026-08-05
245,245,50,100,West Hub (Mumbai),2026-08-05
246,246,412,50,West Hub (Mumbai),2026-08-05
247,247,332,50,East Hub (Kolkata),2026-08-05
248,248,468,100,South Hub (Bengaluru),2026-08-05
249,249,186,10,South Hub (Bengaluru),2026-08-05
250,250,155,10,North Hub (Delhi),2026-08-05
251,251,4,50,North Hub (Delhi),2026-08-05
252,252,358,50,East Hub (Kolkata),2026-08-05
253,253,479,20,East Hub (Kolkata),2026-08-05
254,254,253,10,East Hub (Kolkata),2026-08-05
255,255,49,50,West Hub (Mumbai),2026-08-05
256,256,465,100,East Hub (Kolkata),2026-08-05
257,257,190,10,East Hub (Kolkata),2026-08-05
258,258,248,50,East Hub (Kolkata),2026-08-05
259,259,486,50,South Hub (Bengaluru),2026-08-05
260,260,453,20,East Hub (Kolkata),2026-08-05
261,261,43,50,West Hub (Mumbai),2026-08-05
262,262,138,20,South Hub (Bengaluru),2026-08-05
263,263,197,100,South Hub (Bengaluru),2026-08-05
264,264,162,100,West Hub (Mumbai),2026-08-05
265,265,80,100,North Hub (Delhi),2026-08-05
266,266,347,20,South Hub (Bengaluru),2026-08-05
267,267,345,10,West Hub (Mumbai),2026-08-05
268,268,195,10,North Hub (Delhi),2026-08-05
269,269,147,10,East Hub (Kolkata),2026-08-05
270,270,468,10,West Hub (Mumbai),2026-08-05
271,271,335,50,North Hub (Delhi),2026-08-05
272,272,168,10,West Hub (Mumbai),2026-08-05
273,273,305,20,South Hub (Bengaluru),2026-08-05
274,274,158,10,West Hub (Mumbai),2026-08-05
275,275,9,20,West Hub (Mumbai),2026-08-05
276,276,315,20,North Hub (Delhi),2026-08-05
277,277,171,50,West Hub (Mumbai),2026-08-05
278,278,427,20,West Hub (Mumbai),2026-08-05
279,279,11,50,West Hub (Mumbai),2026-08-05
280,280,445,20,East Hub (Kolkata),2026-08-05
281,281,255,100,South Hub (Bengaluru),2026-08-05
282,282,341,50,North Hub (Delhi),2026-08-05
283,283,137,100,North Hub (Delhi),2026-08-05
284,284,481,50,East Hub (Kolkata),2026-08-05
285,285,127,50,North Hub (Delhi),2026-08-05
286,286,352,100,West Hub (Mumbai),2026-08-05
287,287,395,100,East Hub (Kolkata),2026-08-05
288,288,246,100,East Hub (Kolkata),2026-08-05
289,289,116,50,South Hub (Bengaluru),2026-08-05
290,290,248,100,West Hub (Mumbai),2026-08-05
291,291,365,50,South Hub (Bengaluru),2026-08-05
292,292,199,10,North Hub (Delhi),2026-08-05
293,293,274,100,South Hub (Bengaluru),2026-08-05
294,294,106,50,South Hub (Bengaluru),2026-08-05
295,295,219,10,North Hub (Delhi),2026-08-05
296,296,476,50,West Hub (Mumbai),2026-08-05
297,297,10,20,North Hub (Delhi),2026-08-05
298,298,287,10,East Hub (Kolkata),2026-08-05
299,299,142,10,North Hub (Delhi),2026-08-05
300,300,17,10,East Hub (Kolkata),2026-08-05
301,301,263,100,South Hub (Bengaluru),2026-08-05
302,302,448,50,South Hub (Bengaluru),2026-08-05
303,303,91,10,North Hub (Delhi),2026-08-05
304,304,233,10,East Hub (Kolkata),2026-08-05
305,305,71,100,West Hub (Mumbai),2026-08-05
306,306,197,50,South Hub (Bengaluru),2026-08-05
307,307,86,50,West Hub (Mumbai),2026-08-05
308,308,347,10,West Hub (Mumbai),2026-08-05
309,309,428,10,South Hub (Bengaluru),2026-08-05
310,310,482,20,East Hub (Kolkata),2026-08-05
311,311,477,10,East Hub (Kolkata),2026-08-05
312,312,391,20,North Hub (Delhi),2026-08-05
313,313,186,10,East Hub (Kolkata),2026-08-05
314,314,197,10,East Hub (Kolkata),2026-08-05
315,315,268,20,North Hub (Delhi),2026-08-05
316,316,308,100,North Hub (Delhi),2026-08-05
317,317,54,100,North Hub (Delhi),2026-08-05
318,318,48,100,South Hub (Bengaluru),2026-08-05
319,319,438,100,South Hub (Bengaluru),2026-08-05
320,320,15,100,South Hub (Bengaluru),2026-08-05
321,321,465,100,North Hub (Delhi),2026-08-05
322,322,89,100,West Hub (Mumbai),2026-08-05
323,323,422,50,West Hub (Mumbai),2026-08-05
324,324,250,100,North Hub (Delhi),2026-08-05
325,325,314,20,West Hub (Mumbai),2026-08-05
326,326,344,100,North Hub (Delhi),2026-08-05
327,327,285,20,North Hub (Delhi),2026-08-05
328,328,394,50,East Hub (Kolkata),2026-08-05
329,329,207,50,East Hub (Kolkata),2026-08-05
330,330,125,50,South Hub (Bengaluru),2026-08-05
331,331,119,50,South Hub (Bengaluru),2026-08-05
332,332,3,10,South Hub (Bengaluru),2026-08-05
333,333,232,20,East Hub (Kolkata),2026-08-05
334,334,3,10,South Hub (Bengaluru),2026-08-05
335,335,459,10,South Hub (Bengaluru),2026-08-05
336,336,26,100,South Hub (Bengaluru),2026-08-05
337,337,449,100,West Hub (Mumbai),2026-08-05
338,338,110,20,West Hub (Mumbai),2026-08-05
339,339,309,10,West Hub (Mumbai),2026-08-05
340,340,238,10,West Hub (Mumbai),2026-08-05
341,341,18,10,West Hub (Mumbai),2026-08-05
342,342,210,10,East Hub (Kolkata),2026-08-05
343,343,184,10,South Hub (Bengaluru),2026-08-05
344,344,472,50,East Hub (Kolkata),2026-08-05
345,345,445,50,West Hub (Mumbai),2026-08-05
346,346,187,100,West Hub (Mumbai),2026-08-05
347,347,253,20,West Hub (Mumbai),2026-08-05
348,348,123,100,West Hub (Mumbai),2026-08-05
349,349,263,50,South Hub (Bengaluru),2026-08-05
350,350,73,50,South Hub (Bengaluru),2026-08-05
351,351,72,100,East Hub (Kolkata),2026-08-05
352,352,427,50,East Hub (Kolkata),2026-08-05
353,353,26,20,West Hub (Mumbai),2026-08-05
354,354,144,50,North Hub (Delhi),2026-08-05
355,355,291,10,West Hub (Mumbai),2026-08-05
356,356,87,10,North Hub (Delhi),2026-08-05
357,357,213,100,South Hub (Bengaluru),2026-08-05
358,358,407,10,North Hub (Delhi),2026-08-05
359,359,94,100,East Hub (Kolkata),2026-08-05
360,360,388,10,West Hub (Mumbai),2026-08-05
361,361,457,100,West Hub (Mumbai),2026-08-05
362,362,134,10,West Hub (Mumbai),2026-08-05
363,363,124,10,South Hub (Bengaluru),2026-08-05
364,364,193,10,South Hub (Bengaluru),2026-08-05
365,365,393,100,East Hub (Kolkata),2026-08-05
366,366,122,20,East Hub (Kolkata),2026-08-05
367,367,458,10,West Hub (Mumbai),2026-08-05
368,368,397,100,North Hub (Delhi),2026-08-05
369,369,345,50,East Hub (Kolkata),2026-08-05
370,370,157,100,West Hub (Mumbai),2026-08-05
371,371,457,100,South Hub (Bengaluru),2026-08-05
372,372,305,10,West Hub (Mumbai),2026-08-05
373,373,466,20,North Hub (Delhi),2026-08-05
374,374,368,10,North Hub (Delhi),2026-08-05
375,375,314,100,East Hub (Kolkata),2026-08-05
376,376,438,100,East Hub (Kolkata),2026-08-05
377,377,278,100,East Hub (Kolkata),2026-08-05
378,378,383,20,North Hub (Delhi),2026-08-05
379,379,314,100,West Hub (Mumbai),2026-08-05
380,380,146,50,West Hub (Mumbai),2026-08-05
381,381,219,100,North Hub (Delhi),2026-08-05
382,382,468,20,North Hub (Delhi),2026-08-05
383,383,411,50,East Hub (Kolkata),2026-08-05
384,384,225,100,North Hub (Delhi),2026-08-05
385,385,401,10,North Hub (Delhi),2026-08-05
386,386,354,10,North Hub (Delhi),2026-08-05
387,387,333,50,North Hub (Delhi),2026-08-05
388,388,463,100,South Hub (Bengaluru),2026-08-05
389,389,123,20,West Hub (Mumbai),2026-08-05
390,390,30,50,South Hub (Bengaluru),2026-08-05
391,391,75,10,North Hub (Delhi),2026-08-05
392,392,111,20,West Hub (Mumbai),2026-08-05
393,393,352,10,East Hub (Kolkata),2026-08-05
394,394,288,50,West Hub (Mumbai),2026-08-05
395,395,99,100,North Hub (Delhi),2026-08-05
396,396,204,10,South Hub (Bengaluru),2026-08-05
397,397,68,50,South Hub (Bengaluru),2026-08-05
398,398,365,10,North Hub (Delhi),2026-08-05
399,399,395,50,South Hub (Bengaluru),2026-08-05
400,400,191,50,North Hub (Delhi),2026-08-05
401,401,163,20,West Hub (Mumbai),2026-08-05
402,402,314,100,South Hub (Bengaluru),2026-08-05
403,403,314,50,North Hub (Delhi),2026-08-05
404,404,124,100,East Hub (Kolkata),2026-08-05
405,405,61,100,West Hub (Mumbai),2026-08-05
406,406,84,50,North Hub (Delhi),2026-08-05
407,407,287,50,West Hub (Mumbai),2026-08-05
408,408,443,10,South Hub (Bengaluru),2026-08-05
409,409,184,100,South Hub (Bengaluru),2026-08-05
410,410,245,20,North Hub (Delhi),2026-08-05
411,411,136,10,East Hub (Kolkata),2026-08-05
412,412,241,20,East Hub (Kolkata),2026-08-05
413,413,411,50,South Hub (Bengaluru),2026-08-05
414,414,232,10,West Hub (Mumbai),2026-08-05
415,415,300,50,South Hub (Bengaluru),2026-08-05
416,416,70,50,North Hub (Delhi),2026-08-05
417,417,195,100,East Hub (Kolkata),2026-08-05
418,418,469,10,North Hub (Delhi),2026-08-05
419,419,425,50,West Hub (Mumbai),2026-08-05
420,420,127,100,West Hub (Mumbai),2026-08-05
421,421,104,100,South Hub (Bengaluru),2026-08-05
422,422,362,100,East Hub (Kolkata),2026-08-05
423,423,434,20,North Hub (Delhi),2026-08-05
424,424,463,10,West Hub (Mumbai),2026-08-05
425,425,99,100,East Hub (Kolkata),2026-08-05
426,426,148,100,West Hub (Mumbai),2026-08-05
427,427,391,100,West Hub (Mumbai),2026-08-05
428,428,325,50,West Hub (Mumbai),2026-08-05
429,429,66,100,South Hub (Bengaluru),2026-08-05
430,430,410,100,West Hub (Mumbai),2026-08-05
431,431,365,10,East Hub (Kolkata),2026-08-05
432,432,325,50,West Hub (Mumbai),2026-08-05
433,433,0,50,West Hub (Mumbai),2026-08-05
434,434,452,50,East Hub (Kolkata),2026-08-05
435,435,18,100,South Hub (Bengaluru),2026-08-05
436,436,328,50,North Hub (Delhi),2026-08-05
437,437,64,10,North Hub (Delhi),2026-08-05
438,438,161,10,South Hub (Bengaluru),2026-08-05
439,439,175,50,South Hub (Bengaluru),2026-08-05
440,440,452,20,North Hub (Delhi),2026-08-05
441,441,347,20,East Hub (Kolkata),2026-08-05
442,442,376,50,South Hub (Bengaluru),2026-08-05
443,443,178,50,East Hub (Kolkata),2026-08-05
444,444,374,100,West Hub (Mumbai),2026-08-05
445,445,451,20,East Hub (Kolkata),2026-08-05
446,446,217,10,North Hub (Delhi),2026-08-05
447,447,236,100,West Hub (Mumbai),2026-08-05
448,448,88,20,South Hub (Bengaluru),2026-08-05
449,449,395,20,North Hub (Delhi),2026-08-05
450,450,130,100,East Hub (Kolkata),2026-08-05
451,451,489,50,South Hub (Bengaluru),2026-08-05
452,452,248,50,West Hub (Mumbai),2026-08-05
453,453,171,20,South Hub (Bengaluru),2026-08-05
454,454,136,100,East Hub (Kolkata),2026-08-05
455,455,370,20,North Hub (Delhi),2026-08-05
456,456,371,20,East Hub (Kolkata),2026-08-05
457,457,43,10,West Hub (Mumbai),2026-08-05
458,458,363,100,South Hub (Bengaluru),2026-08-05
459,459,495,100,West Hub (Mumbai),2026-08-05
460,460,268,50,West Hub (Mumbai),2026-08-05
461,461,84,50,South Hub (Bengaluru),2026-08-05
462,462,47,10,West Hub (Mumbai),2026-08-05
463,463,71,20,North Hub (Delhi),2026-08-05
464,464,98,100,West Hub (Mumbai),2026-08-05
465,465,168,50,South Hub (Bengaluru),2026-08-05
466,466,401,100,North Hub (Delhi),2026-08-05
467,467,259,100,West Hub (Mumbai),2026-08-05
468,468,323,100,West Hub (Mumbai),2026-08-05
469,469,403,100,West Hub (Mumbai),2026-08-05
470,470,197,20,South Hub (Bengaluru),2026-08-05
471,471,148,100,South Hub (Bengaluru),2026-08-05
472,472,142,50,South Hub (Bengaluru),2026-08-05
473,473,301,50,East Hub (Kolkata),2026-08-05
474,474,360,100,East Hub (Kolkata),2026-08-05
475,475,401,10,South Hub (Bengaluru),2026-08-05
476,476,306,50,East Hub (Kolkata),2026-08-05
477,477,129,20,West Hub (Mumbai),2026-08-05
478,478,63,10,West Hub (Mumbai),2026-08-05
479,479,432,100,South Hub (Bengaluru),2026-08-05
480,480,176,10,North Hub (Delhi),2026-08-05
481,481,398,100,West Hub (Mumbai),2026-08-05
482,482,497,10,West Hub (Mumbai),2026-08-05
483,483,333,20,East Hub (Kolkata),2026-08-05
484,484,77,100,West Hub (Mumbai),2026-08-05
485,485,286,10,West Hub (Mumbai),2026-08-05
486,486,253,50,East Hub (Kolkata),2026-08-05
487,487,287,10,South Hub (Bengaluru),2026-08-05
488,488,136,10,West Hub (Mumbai),2026-08-05
489,489,445,20,West Hub (Mumbai),2026-08-05
490,490,298,20,East Hub (Kolkata),2026-08-05
491,491,89,20,East Hub (Kolkata),2026-08-05
492,492,131,50,South Hub (Bengaluru),2026-08-05
493,493,74,50,North Hub (Delhi),2026-08-05
494,494,75,20,South Hub (Bengaluru),2026-08-05
495,495,269,100,East Hub (Kolkata),2026-08-05
496,496,84,10,West Hub (Mumbai),2026-08-05
497,497,275,20,West Hub (Mumbai),2026-08-05
498,498,182,100,East Hub (Kolkata),2026-08-05
499,499,355,10,West Hub (Mumbai),2026-08-05
500,500,238,10,West Hub (Mumbai),2026-08-05
501,501,376,10,South Hub (Bengaluru),2026-08-05
502,502,122,100,East Hub (Kolkata),2026-08-05
503,503,29,100,South Hub (Bengaluru),2026-08-05
504,504,90,50,North Hub (Delhi),2026-08-05
505,505,420,10,South Hub (Bengaluru),2026-08-05
506,506,170,10,South Hub (Bengaluru),2026-08-05
507,507,284,20,South Hub (Bengaluru),2026-08-05
508,508,457,20,East Hub (Kolkata),2026-08-05
509,509,230,10,South Hub (Bengaluru),2026-08-05
510,510,341,50,North Hub (Delhi),2026-08-05
511,511,450,20,North Hub (Delhi),2026-08-05
512,512,344,20,North Hub (Delhi),2026-08-05
513,513,464,10,West Hub (Mumbai),2026-08-05
514,514,262,10,East Hub (Kolkata),2026-08-05
515,515,132,100,North Hub (Delhi),2026-08-05
516,516,452,100,North Hub (Delhi),2026-08-05
517,517,285,50,East Hub (Kolkata),2026-08-05
518,518,179,50,South Hub (Bengaluru),2026-08-05
519,519,138,10,North Hub (Delhi),2026-08-05
520,520,113,20,North Hub (Delhi),2026-08-05
521,521,342,100,East Hub (Kolkata),2026-08-05
522,522,101,10,North Hub (Delhi),2026-08-05
523,523,160,20,South Hub (Bengaluru),2026-08-05
524,524,298,10,West Hub (Mumbai),2026-08-05
525,525,24,50,West Hub (Mumbai),2026-08-05
526,526,232,100,West Hub (Mumbai),2026-08-05
527,527,148,20,South Hub (Bengaluru),2026-08-05
528,528,168,10,East Hub (Kolkata),2026-08-05
529,529,426,20,West Hub (Mumbai),2026-08-05
530,530,395,50,North Hub (Delhi),2026-08-05
531,531,221,10,East Hub (Kolkata),2026-08-05
532,532,219,100,South Hub (Bengaluru),2026-08-05
533,533,457,50,East Hub (Kolkata),2026-08-05
534,534,317,20,West Hub (Mumbai),2026-08-05
535,535,194,100,North Hub (Delhi),2026-08-05
536,536,228,10,South Hub (Bengaluru),2026-08-05
537,537,479,10,North Hub (Delhi),2026-08-05
538,538,440,20,North Hub (Delhi),2026-08-05
539,539,309,50,South Hub (Bengaluru),2026-08-05
540,540,72,50,North Hub (Delhi),2026-08-05
541,541,90,50,West Hub (Mumbai),2026-08-05
542,542,314,100,East Hub (Kolkata),2026-08-05
543,543,368,10,East Hub (Kolkata),2026-08-05
544,544,494,10,East Hub (Kolkata),2026-08-05
545,545,254,10,South Hub (Bengaluru),2026-08-05
546,546,196,100,East Hub (Kolkata),2026-08-05
547,547,68,20,West Hub (Mumbai),2026-08-05
548,548,366,10,West Hub (Mumbai),2026-08-05
549,549,115,20,South Hub (Bengaluru),2026-08-05
550,550,58,10,North Hub (Delhi),2026-08-05
551,551,314,10,West Hub (Mumbai),2026-08-05
552,552,25,20,West Hub (Mumbai),2026-08-05
553,553,136,10,South Hub (Bengaluru),2026-08-05
554,554,61,100,South Hub (Bengaluru),2026-08-05
555,555,353,10,East Hub (Kolkata),2026-08-05
556,556,200,10,South Hub (Bengaluru),2026-08-05
557,557,352,20,South Hub (Bengaluru),2026-08-05
558,558,76,50,East Hub (Kolkata),2026-08-05
559,559,361,50,South Hub (Bengaluru),2026-08-05
560,560,89,20,West Hub (Mumbai),2026-08-05
561,561,346,50,West Hub (Mumbai),2026-08-05
562,562,23,10,East Hub (Kolkata),2026-08-05
563,563,47,100,South Hub (Bengaluru),2026-08-05
564,564,307,10,North Hub (Delhi),2026-08-05
565,565,295,50,West Hub (Mumbai),2026-08-05
566,566,277,10,East Hub (Kolkata),2026-08-05
567,567,79,50,East Hub (Kolkata),2026-08-05
568,568,236,50,East Hub (Kolkata),2026-08-05
569,569,281,10,West Hub (Mumbai),2026-08-05
570,570,35,20,East Hub (Kolkata),2026-08-05
571,571,152,50,North Hub (Delhi),2026-08-05
572,572,294,10,East Hub (Kolkata),2026-08-05
573,573,434,100,North Hub (Delhi),2026-08-05
574,574,43,100,South Hub (Bengaluru),2026-08-05
575,575,178,50,South Hub (Bengaluru),2026-08-05
576,576,427,20,North Hub (Delhi),2026-08-05
577,577,50,20,North Hub (Delhi),2026-08-05
578,578,223,100,North Hub (Delhi),2026-08-05
579,579,118,50,North Hub (Delhi),2026-08-05
580,580,116,100,North Hub (Delhi),2026-08-05
581,581,155,50,East Hub (Kolkata),2026-08-05
582,582,105,20,West Hub (Mumbai),2026-08-05
583,583,400,50,West Hub (Mumbai),2026-08-05
584,584,375,50,South Hub (Bengaluru),2026-08-05
585,585,187,100,North Hub (Delhi),2026-08-05
586,586,380,50,East Hub (Kolkata),2026-08-05
587,587,465,10,East Hub (Kolkata),2026-08-05
588,588,397,50,North Hub (Delhi),2026-08-05
589,589,442,100,West Hub (Mumbai),2026-08-05
590,590,98,50,South Hub (Bengaluru),2026-08-05
591,591,244,100,South Hub (Bengaluru),2026-08-05
592,592,449,10,North Hub (Delhi),2026-08-05
593,593,384,100,East Hub (Kolkata),2026-08-05
594,594,128,100,South Hub (Bengaluru),2026-08-05
595,595,120,100,West Hub (Mumbai),2026-08-05
596,596,277,100,South Hub (Bengaluru),2026-08-05
597,597,57,10,North Hub (Delhi),2026-08-05
598,598,141,50,North Hub (Delhi),2026-08-05
599,599,198,20,South Hub (Bengaluru),2026-08-05
600,600,127,10,North Hub (Delhi),2026-08-05
601,601,352,50,North Hub (Delhi),2026-08-05
602,602,401,10,North Hub (Delhi),2026-08-05
603,603,283,10,East Hub (Kolkata),2026-08-05
604,604,173,100,North Hub (Delhi),2026-08-05
605,605,213,20,West Hub (Mumbai),2026-08-05
606,606,250,10,North Hub (Delhi),2026-08-05
607,607,235,50,West Hub (Mumbai),2026-08-05
608,608,412,100,West Hub (Mumbai),2026-08-05
609,609,38,100,West Hub (Mumbai),2026-08-05
610,610,192,10,East Hub (Kolkata),2026-08-05
611,611,55,20,East Hub (Kolkata),2026-08-05
612,612,277,10,North Hub (Delhi),2026-08-05
613,613,0,50,West Hub (Mumbai),2026-08-05
614,614,363,20,East Hub (Kolkata),2026-08-05
615,615,277,10,North Hub (Delhi),2026-08-05
616,616,455,10,North Hub (Delhi),2026-08-05
617,617,309,100,South Hub (Bengaluru),2026-08-05
618,618,168,100,West Hub (Mumbai),2026-08-05
619,619,125,20,North Hub (Delhi),2026-08-05
620,620,202,50,East Hub (Kolkata),2026-08-05
621,621,57,100,North Hub (Delhi),2026-08-05
622,622,316,50,South Hub (Bengaluru),2026-08-05
623,623,7,100,West Hub (Mumbai),2026-08-05
624,624,37,10,South Hub (Bengaluru),2026-08-05
625,625,365,10,South Hub (Bengaluru),2026-08-05
626,626,143,50,East Hub (Kolkata),2026-08-05
627,627,116,100,West Hub (Mumbai),2026-08-05
628,628,250,20,West Hub (Mumbai),2026-08-05
629,629,363,50,West Hub (Mumbai),2026-08-05
630,630,15,100,South Hub (Bengaluru),2026-08-05
631,631,93,100,North Hub (Delhi),2026-08-05
632,632,305,100,East Hub (Kolkata),2026-08-05
633,633,310,10,North Hub (Delhi),2026-08-05
634,634,445,10,West Hub (Mumbai),2026-08-05
635,635,426,20,South Hub (Bengaluru),2026-08-05
636,636,164,10,East Hub (Kolkata),2026-08-05
637,637,483,100,West Hub (Mumbai),2026-08-05
638,638,145,10,West Hub (Mumbai),2026-08-05
639,639,263,100,North Hub (Delhi),2026-08-05
640,640,26,10,West Hub (Mumbai),2026-08-05
641,641,29,100,South Hub (Bengaluru),2026-08-05
642,642,7,20,North Hub (Delhi),2026-08-05
643,643,438,10,North Hub (Delhi),2026-08-05
644,644,440,50,North Hub (Delhi),2026-08-05
645,645,48,50,South Hub (Bengaluru),2026-08-05
646,646,20,20,East Hub (Kolkata),2026-08-05
647,647,164,20,East Hub (Kolkata),2026-08-05
648,648,280,50,South Hub (Bengaluru),2026-08-05
649,649,30,100,West Hub (Mumbai),2026-08-05
650,650,427,20,East Hub (Kolkata),2026-08-05
651,651,351,20,East Hub (Kolkata),2026-08-05
652,652,398,100,North Hub (Delhi),2026-08-05
653,653,312,50,North Hub (Delhi),2026-08-05
654,654,427,20,South Hub (Bengaluru),2026-08-05
655,655,353,10,East Hub (Kolkata),2026-08-05
656,656,74,20,East Hub (Kolkata),2026-08-05
657,657,296,20,East Hub (Kolkata),2026-08-05
658,658,454,20,West Hub (Mumbai),2026-08-05
659,659,298,50,South Hub (Bengaluru),2026-08-05
660,660,64,20,East Hub (Kolkata),2026-08-05
661,661,385,100,East Hub (Kolkata),2026-08-05
662,662,299,100,North Hub (Delhi),2026-08-05
663,663,434,100,North Hub (Delhi),2026-08-05
664,664,320,20,West Hub (Mumbai),2026-08-05
665,665,218,10,East Hub (Kolkata),2026-08-05
666,666,489,20,West Hub (Mumbai),2026-08-05
667,667,74,50,South Hub (Bengaluru),2026-08-05
668,668,394,20,East Hub (Kolkata),2026-08-05
669,669,205,20,East Hub (Kolkata),2026-08-05
670,670,379,100,South Hub (Bengaluru),2026-08-05
671,671,97,10,West Hub (Mumbai),2026-08-05
672,672,72,20,West Hub (Mumbai),2026-08-05
673,673,399,50,East Hub (Kolkata),2026-08-05
674,674,369,20,West Hub (Mumbai),2026-08-05
675,675,459,50,North Hub (Delhi),2026-08-05
676,676,115,20,East Hub (Kolkata),2026-08-05
677,677,325,50,West Hub (Mumbai),2026-08-05
678,678,414,20,South Hub (Bengaluru),2026-08-05
679,679,199,20,North Hub (Delhi),2026-08-05
680,680,47,100,West Hub (Mumbai),2026-08-05
681,681,141,50,South Hub (Bengaluru),2026-08-05
682,682,286,20,South Hub (Bengaluru),2026-08-05
683,683,271,20,South Hub (Bengaluru),2026-08-05
684,684,446,20,North Hub (Delhi),2026-08-05
685,685,400,20,South Hub (Bengaluru),2026-08-05
686,686,485,50,East Hub (Kolkata),2026-08-05
687,687,198,10,West Hub (Mumbai),2026-08-05
688,688,302,20,West Hub (Mumbai),2026-08-05
689,689,335,10,North Hub (Delhi),2026-08-05
690,690,191,100,South Hub (Bengaluru),2026-08-05
691,691,221,100,West Hub (Mumbai),2026-08-05
692,692,363,50,West Hub (Mumbai),2026-08-05
693,693,120,50,North Hub (Delhi),2026-08-05
694,694,143,100,North Hub (Delhi),2026-08-05
695,695,162,10,South Hub (Bengaluru),2026-08-05
696,696,107,100,North Hub (Delhi),2026-08-05
697,697,75,100,North Hub (Delhi),2026-08-05
698,698,415,10,East Hub (Kolkata),2026-08-05
699,699,51,10,West Hub (Mumbai),2026-08-05
700,700,66,10,South Hub (Bengaluru),2026-08-05
701,701,107,50,North Hub (Delhi),2026-08-05
702,702,358,100,East Hub (Kolkata),2026-08-05
703,703,17,50,South Hub (Bengaluru),2026-08-05
704,704,154,20,East Hub (Kolkata),2026-08-05
705,705,15,20,East Hub (Kolkata),2026-08-05
706,706,417,50,South Hub (Bengaluru),2026-08-05
707,707,6,20,South Hub (Bengaluru),2026-08-05
708,708,409,50,South Hub (Bengaluru),2026-08-05
709,709,356,10,West Hub (Mumbai),2026-08-05
710,710,434,50,North Hub (Delhi),2026-08-05
711,711,360,10,East Hub (Kolkata),2026-08-05
712,712,294,100,South Hub (Bengaluru),2026-08-05
713,713,428,50,East Hub (Kolkata),2026-08-05
714,714,485,10,West Hub (Mumbai),2026-08-05
715,715,24,100,South Hub (Bengaluru),2026-08-05
716,716,24,50,South Hub (Bengaluru),2026-08-05
717,717,467,50,East Hub (Kolkata),2026-08-05
718,718,453,100,North Hub (Delhi),2026-08-05
719,719,78,100,West Hub (Mumbai),2026-08-05
720,720,373,20,East Hub (Kolkata),2026-08-05
721,721,429,10,East Hub (Kolkata),2026-08-05
722,722,298,20,North Hub (Delhi),2026-08-05
723,723,255,100,North Hub (Delhi),2026-08-05
724,724,477,10,South Hub (Bengaluru),2026-08-05
725,725,423,10,East Hub (Kolkata),2026-08-05
726,726,462,100,South Hub (Bengaluru),2026-08-05
727,727,391,50,South Hub (Bengaluru),2026-08-05
728,728,16,100,East Hub (Kolkata),2026-08-05
729,729,274,20,South Hub (Bengaluru),2026-08-05
730,730,366,50,North Hub (Delhi),2026-08-05
731,731,140,50,South Hub (Bengaluru),2026-08-05
732,732,77,20,East Hub (Kolkata),2026-08-05
733,733,178,50,South Hub (Bengaluru),2026-08-05
734,734,188,20,North Hub (Delhi),2026-08-05
735,735,412,100,South Hub (Bengaluru),2026-08-05
736,736,260,20,South Hub (Bengaluru),2026-08-05
737,737,163,10,North Hub (Delhi),2026-08-05
738,738,185,100,North Hub (Delhi),2026-08-05
739,739,349,20,North Hub (Delhi),2026-08-05
740,740,262,20,South Hub (Bengaluru),2026-08-05
741,741,207,50,North Hub (Delhi),2026-08-05
742,742,224,50,East Hub (Kolkata),2026-08-05
743,743,466,50,West Hub (Mumbai),2026-08-05
744,744,344,20,North Hub (Delhi),2026-08-05
745,745,446,20,North Hub (Delhi),2026-08-05
746,746,19,100,South Hub (Bengaluru),2026-08-05
747,747,258,100,West Hub (Mumbai),2026-08-05
748,748,32,100,West Hub (Mumbai),2026-08-05
749,749,330,20,West Hub (Mumbai),2026-08-05
750,750,103,20,East Hub (Kolkata),2026-08-05
751,751,27,10,East Hub (Kolkata),2026-08-05
752,752,98,10,South Hub (Bengaluru),2026-08-05
753,753,117,50,North Hub (Delhi),2026-08-05
754,754,454,100,North Hub (Delhi),2026-08-05
755,755,10,20,East Hub (Kolkata),2026-08-05
756,756,492,10,West Hub (Mumbai),2026-08-05
757,757,248,100,East Hub (Kolkata),2026-08-05
758,758,328,10,East Hub (Kolkata),2026-08-05
759,759,155,20,West Hub (Mumbai),2026-08-05
760,760,303,100,East Hub (Kolkata),2026-08-05
761,761,319,20,South Hub (Bengaluru),2026-08-05
762,762,142,100,West Hub (Mumbai),2026-08-05
763,763,272,20,East Hub (Kolkata),2026-08-05
764,764,370,10,South Hub (Bengaluru),2026-08-05
765,765,36,10,South Hub (Bengaluru),2026-08-05
766,766,88,20,North Hub (Delhi),2026-08-05
767,767,312,100,West Hub (Mumbai),2026-08-05
768,768,489,100,East Hub (Kolkata),2026-08-05
769,769,374,20,North Hub (Delhi),2026-08-05
770,770,165,50,West Hub (Mumbai),2026-08-05
771,771,182,20,West Hub (Mumbai),2026-08-05
772,772,44,100,South Hub (Bengaluru),2026-08-05
773,773,333,50,East Hub (Kolkata),2026-08-05
774,774,372,20,West Hub (Mumbai),2026-08-05
775,775,447,50,South Hub (Bengaluru),2026-08-05
776,776,230,50,South Hub (Bengaluru),2026-08-05
777,777,312,20,West Hub (Mumbai),2026-08-05
778,778,488,50,North Hub (Delhi),2026-08-05
779,779,318,50,West Hub (Mumbai),2026-08-05
780,780,200,100,East Hub (Kolkata),2026-08-05
781,781,394,50,West Hub (Mumbai),2026-08-05
782,782,279,20,North Hub (Delhi),2026-08-05
783,783,179,100,West Hub (Mumbai),2026-08-05
784,784,493,50,South Hub (Bengaluru),2026-08-05
785,785,308,100,West Hub (Mumbai),2026-08-05
786,786,294,20,South Hub (Bengaluru),2026-08-05
787,787,307,100,West Hub (Mumbai),2026-08-05
788,788,362,100,South Hub (Bengaluru),2026-08-05
789,789,282,10,South Hub (Bengaluru),2026-08-05
790,790,266,100,North Hub (Delhi),2026-08-05
791,791,395,20,North Hub (Delhi),2026-08-05
792,792,498,100,West Hub (Mumbai),2026-08-05
793,793,499,50,South Hub (Bengaluru),2026-08-05
794,794,406,20,North Hub (Delhi),2026-08-05
795,795,272,100,South Hub (Bengaluru),2026-08-05
796,796,214,20,North Hub (Delhi),2026-08-05
797,797,460,100,West Hub (Mumbai),2026-08-05
798,798,257,100,North Hub (Delhi),2026-08-05
799,799,60,50,West Hub (Mumbai),2026-08-05
800,800,203,20,South Hub (Bengaluru),2026-08-05
801,801,438,100,South Hub (Bengaluru),2026-08-05
802,802,332,20,East Hub (Kolkata),2026-08-05
803,803,12,50,West Hub (Mumbai),2026-08-05
804,804,212,100,West Hub (Mumbai),2026-08-05
805,805,304,20,North Hub (Delhi),2026-08-05
806,806,115,50,East Hub (Kolkata),2026-08-05
807,807,256,20,North Hub (Delhi),2026-08-05
808,808,412,50,South Hub (Bengaluru),2026-08-05
809,809,273,100,West Hub (Mumbai),2026-08-05
810,810,372,20,North Hub (Delhi),2026-08-05
811,811,448,20,South Hub (Bengaluru),2026-08-05
812,812,104,10,North Hub (Delhi),2026-08-05
813,813,106,20,West Hub (Mumbai),2026-08-05
814,814,306,20,East Hub (Kolkata),2026-08-05
815,815,335,10,South Hub (Bengaluru),2026-08-05
816,816,289,100,East Hub (Kolkata),2026-08-05
817,817,8,20,East Hub (Kolkata),2026-08-05
818,818,219,100,South Hub (Bengaluru),2026-08-05
819,819,35,50,West Hub (Mumbai),2026-08-05
820,820,227,50,South Hub (Bengaluru),2026-08-05
821,821,87,50,West Hub (Mumbai),2026-08-05
822,822,334,20,South Hub (Bengaluru),2026-08-05
823,823,160,100,South Hub (Bengaluru),2026-08-05
824,824,392,20,North Hub (Delhi),2026-08-05
825,825,274,10,East Hub (Kolkata),2026-08-05
826,826,200,100,West Hub (Mumbai),2026-08-05
827,827,432,10,North Hub (Delhi),2026-08-05
828,828,315,50,South Hub (Bengaluru),2026-08-05
829,829,496,20,North Hub (Delhi),2026-08-05
830,830,122,100,East Hub (Kolkata),2026-08-05
831,831,361,100,East Hub (Kolkata),2026-08-05
832,832,417,50,West Hub (Mumbai),2026-08-05
833,833,429,50,West Hub (Mumbai),2026-08-05
834,834,361,100,North Hub (Delhi),2026-08-05
835,835,461,10,North Hub (Delhi),2026-08-05
836,836,68,100,West Hub (Mumbai),2026-08-05
837,837,33,50,West Hub (Mumbai),2026-08-05
838,838,349,10,North Hub (Delhi),2026-08-05
839,839,275,10,East Hub (Kolkata),2026-08-05
840,840,130,100,East Hub (Kolkata),2026-08-05
841,841,300,100,North Hub (Delhi),2026-08-05
842,842,468,10,South Hub (Bengaluru),2026-08-05
843,843,469,50,South Hub (Bengaluru),2026-08-05
844,844,442,20,East Hub (Kolkata),2026-08-05
845,845,50,10,North Hub (Delhi),2026-08-05
846,846,474,20,East Hub (Kolkata),2026-08-05
847,847,242,100,East Hub (Kolkata),2026-08-05
848,848,477,50,North Hub (Delhi),2026-08-05
849,849,294,20,West Hub (Mumbai),2026-08-05
850,850,328,100,North Hub (Delhi),2026-08-05
851,851,186,20,South Hub (Bengaluru),2026-08-05
852,852,447,100,East Hub (Kolkata),2026-08-05
853,853,473,10,West Hub (Mumbai),2026-08-05
854,854,11,20,East Hub (Kolkata),2026-08-05
855,855,346,20,East Hub (Kolkata),2026-08-05
856,856,485,100,North Hub (Delhi),2026-08-05
857,857,439,100,East Hub (Kolkata),2026-08-05
858,858,461,10,South Hub (Bengaluru),2026-08-05
859,859,255,10,East Hub (Kolkata),2026-08-05
860,860,475,50,North Hub (Delhi),2026-08-05
861,861,131,50,West Hub (Mumbai),2026-08-05
862,862,103,50,West Hub (Mumbai),2026-08-05
863,863,390,10,East Hub (Kolkata),2026-08-05
864,864,220,50,West Hub (Mumbai),2026-08-05
865,865,203,50,South Hub (Bengaluru),2026-08-05
866,866,285,100,East Hub (Kolkata),2026-08-05
867,867,285,10,West Hub (Mumbai),2026-08-05
868,868,486,20,North Hub (Delhi),2026-08-05
869,869,456,50,South Hub (Bengaluru),2026-08-05
870,870,78,20,East Hub (Kolkata),2026-08-05
871,871,234,10,West Hub (Mumbai),2026-08-05
872,872,425,50,West Hub (Mumbai),2026-08-05
873,873,231,10,North Hub (Delhi),2026-08-05
874,874,209,100,North Hub (Delhi),2026-08-05
875,875,490,10,North Hub (Delhi),2026-08-05
876,876,3,50,South Hub (Bengaluru),2026-08-05
877,877,334,100,West Hub (Mumbai),2026-08-05
878,878,260,10,East Hub (Kolkata),2026-08-05
879,879,149,100,West Hub (Mumbai),2026-08-05
880,880,22,50,North Hub (Delhi),2026-08-05
881,881,215,50,South Hub (Bengaluru),2026-08-05
882,882,298,10,South Hub (Bengaluru),2026-08-05
883,883,394,100,North Hub (Delhi),2026-08-05
884,884,32,50,North Hub (Delhi),2026-08-05
885,885,132,10,East Hub (Kolkata),2026-08-05
886,886,490,10,North Hub (Delhi),2026-08-05
887,887,270,50,West Hub (Mumbai),2026-08-05
888,888,456,20,West Hub (Mumbai),2026-08-05
889,889,208,20,West Hub (Mumbai),2026-08-05
890,890,9,100,South Hub (Bengaluru),2026-08-05
891,891,151,10,South Hub (Bengaluru),2026-08-05
892,892,7,100,East Hub (Kolkata),2026-08-05
893,893,189,20,West Hub (Mumbai),2026-08-05
894,894,150,100,South Hub (Bengaluru),2026-08-05
895,895,256,50,East Hub (Kolkata),2026-08-05
896,896,387,20,South Hub (Bengaluru),2026-08-05
897,897,437,20,North Hub (Delhi),2026-08-05
898,898,128,50,North Hub (Delhi),2026-08-05
899,899,453,100,East Hub (Kolkata),2026-08-05
900,900,177,20,West Hub (Mumbai),2026-08-05
901,901,451,100,North Hub (Delhi),2026-08-05
902,902,391,50,South Hub (Bengaluru),2026-08-05
903,903,154,20,East Hub (Kolkata),2026-08-05
904,904,114,10,South Hub (Bengaluru),2026-08-05
905,905,279,100,East Hub (Kolkata),2026-08-05
906,906,119,50,West Hub (Mumbai),2026-08-05
907,907,201,100,East Hub (Kolkata),2026-08-05
908,908,44,20,West Hub (Mumbai),2026-08-05
909,909,25,50,South Hub (Bengaluru),2026-08-05
910,910,103,100,West Hub (Mumbai),2026-08-05
911,911,349,20,South Hub (Bengaluru),2026-08-05
912,912,376,100,East Hub (Kolkata),2026-08-05
913,913,197,50,North Hub (Delhi),2026-08-05
914,914,127,50,West Hub (Mumbai),2026-08-05
915,915,70,20,South Hub (Bengaluru),2026-08-05
916,916,26,20,East Hub (Kolkata),2026-08-05
917,917,439,10,West Hub (Mumbai),2026-08-05
918,918,473,50,West Hub (Mumbai),2026-08-05
919,919,479,20,North Hub (Delhi),2026-08-05
920,920,66,10,West Hub (Mumbai),2026-08-05
921,921,16,50,South Hub (Bengaluru),2026-08-05
922,922,385,10,South Hub (Bengaluru),2026-08-05
923,923,203,50,North Hub (Delhi),2026-08-05
924,924,447,50,South Hub (Bengaluru),2026-08-05
925,925,477,50,East Hub (Kolkata),2026-08-05
926,926,347,50,West Hub (Mumbai),2026-08-05
927,927,153,10,South Hub (Bengaluru),2026-08-05
928,928,462,50,North Hub (Delhi),2026-08-05
929,929,406,10,North Hub (Delhi),2026-08-05
930,930,324,100,West Hub (Mumbai),2026-08-05
931,931,245,20,North Hub (Delhi),2026-08-05
932,932,453,10,West Hub (Mumbai),2026-08-05
933,933,302,20,North Hub (Delhi),2026-08-05
934,934,251,100,North Hub (Delhi),2026-08-05
935,935,87,100,South Hub (Bengaluru),2026-08-05
936,936,404,20,East Hub (Kolkata),2026-08-05
937,937,76,100,East Hub (Kolkata),2026-08-05
938,938,52,20,West Hub (Mumbai),2026-08-05
939,939,496,20,East Hub (Kolkata),2026-08-05
940,940,113,100,North Hub (Delhi),2026-08-05
941,941,421,10,South Hub (Bengaluru),2026-08-05
942,942,322,50,East Hub (Kolkata),2026-08-05
943,943,15,50,West Hub (Mumbai),2026-08-05
944,944,290,20,North Hub (Delhi),2026-08-05
945,945,164,100,South Hub (Bengaluru),2026-08-05
946,946,155,20,East Hub (Kolkata),2026-08-05
947,947,72,100,West Hub (Mumbai),2026-08-05
948,948,186,100,North Hub (Delhi),2026-08-05
949,949,449,100,South Hub (Bengaluru),2026-08-05
950,950,461,10,North Hub (Delhi),2026-08-05
951,951,98,50,North Hub (Delhi),2026-08-05
952,952,256,20,North Hub (Delhi),2026-08-05
953,953,361,10,South Hub (Bengaluru),2026-08-05
954,954,55,20,East Hub (Kolkata),2026-08-05
955,955,90,100,West Hub (Mumbai),2026-08-05
956,956,242,50,South Hub (Bengaluru),2026-08-05
957,957,235,20,South Hub (Bengaluru),2026-08-05
958,958,168,100,East Hub (Kolkata),2026-08-05
959,959,474,100,East Hub (Kolkata),2026-08-05
960,960,350,20,East Hub (Kolkata),2026-08-05
961,961,112,100,North Hub (Delhi),2026-08-05
962,962,24,10,North Hub (Delhi),2026-08-05
963,963,449,100,East Hub (Kolkata),2026-08-05
964,964,239,100,East Hub (Kolkata),2026-08-05
965,965,355,100,South Hub (Bengaluru),2026-08-05
966,966,142,100,North Hub (Delhi),2026-08-05
967,967,361,20,South Hub (Bengaluru),2026-08-05
968,968,388,100,South Hub (Bengaluru),2026-08-05
969,969,407,10,North Hub (Delhi),2026-08-05
970,970,264,50,South Hub (Bengaluru),2026-08-05
971,971,354,50,North Hub (Delhi),2026-08-05
972,972,12,100,South Hub (Bengaluru),2026-08-05
973,973,78,10,West Hub (Mumbai),2026-08-05
974,974,278,10,South Hub (Bengaluru),2026-08-05
975,975,493,50,West Hub (Mumbai),2026-08-05
976,976,354,10,South Hub (Bengaluru),2026-08-05
977,977,85,20,West Hub (Mumbai),2026-08-05
978,978,499,10,West Hub (Mumbai),2026-08-05
979,979,82,50,North Hub (Delhi),2026-08-05
980,980,31,50,North Hub (Delhi),2026-08-05
981,981,491,50,North Hub (Delhi),2026-08-05
982,982,494,20,North Hub (Delhi),2026-08-05
983,983,155,100,East Hub (Kolkata),2026-08-05
984,984,124,50,South Hub (Bengaluru),2026-08-05
985,985,340,50,North Hub (Delhi),2026-08-05
986,986,85,20,West Hub (Mumbai),2026-08-05
987,987,256,100,West Hub (Mumbai),2026-08-05
988,988,53,20,North Hub (Delhi),2026-08-05
989,989,47,20,South Hub (Bengaluru),2026-08-05
990,990,87,50,South Hub (Bengaluru),2026-08-05
991,991,77,20,East Hub (Kolkata),2026-08-05
992,992,219,50,West Hub (Mumbai),2026-08-05
993,993,346,100,South Hub (Bengaluru),2026-08-05
994,994,402,50,North Hub (Delhi),2026-08-05
995,995,166,20,East Hub (Kolkata),2026-08-05
996,996,285,100,South Hub (Bengaluru),2026-08-05
997,997,226,20,East Hub (Kolkata),2026-08-05
998,998,248,10,East Hub (Kolkata),2026-08-05
999,999,14,20,East Hub (Kolkata),2026-08-05
1000,1000,218,100,South Hub (Bengaluru),2026-08-05
