product_id,category_id,sku,product_name,brand,unit_price,cost_price,rating
1,21,SKU-21-00001,Apple Consectetur Est,Apple,920.64,722.77,3.1
2,24,SKU-24-00002,Apple Magni Numquam,Apple,26297.32,16949.82,2.7
3,14,SKU-14-00003,Samsung Unde Recusandae,Samsung,1051.08,841.95,3.8
4,1,SKU-01-00004,Boat Laborum Assumenda,Boat,7285.89,5051.06,3.9
5,8,SKU-08-00005,Philips Eum Ratione,Philips,22369.5,14772.72,2.5
6,26,SKU-26-00006,Sony Ipsum Officiis,Sony,22783.19,17483.67,2.9
7,25,SKU-25-00007,Adidas Minima Magni,Adidas,3494.01,2645.04,3.4
8,12,SKU-12-00008,OnePlus Quia Nam,OnePlus,7820.3,6686.57,3.6
9,4,SKU-04-00009,Puma Nisi Quibusdam,Puma,2643.49,2062.12,4.1
10,29,SKU-29-00010,Adidas Est Earum,Adidas,21237.22,14476.07,2.6
11,8,SKU-08-00011,Nike Vitae Labore,Nike,37807.51,24632.02,4.7
12,13,SKU-13-00012,Nike Vero Vero,Nike,17373.61,11389.92,2.9
13,12,SKU-12-00013,LG Iste Placeat,LG,24607.23,16787.36,4.2
14,3,SKU-03-00014,OnePlus Ducimus Nam,OnePlus,22122.01,15910.96,3.1
15,15,SKU-15-00015,Puma At Perferendis,Puma,10685.69,6821.7,4.2
16,8,SKU-08-00016,Tata Consequuntur Qui,Tata,12227.15,8174.64,2.6
17,27,SKU-27-00017,Samsung Odio Voluptatibus,Samsung,26804.26,20145.64,2.7
18,30,SKU-30-00018,OnePlus Assumenda Quisquam,OnePlus,28313.98,21921.55,4.1
19,13,SKU-13-00019,Tata Illum Quo,Tata,14628.01,11525.41,3.1
20,18,SKU-18-00020,Boat Consequuntur Assumenda,Boat,9385.95,6642.27,4.7
21,13,SKU-13-00021,Adidas Amet Nisi,Adidas,8891.58,5561.09,3.8
22,3,SKU-03-00022,Samsung Nam Dolor,Samsung,26254.27,21541.46,2.9
23,22,SKU-22-00023,Puma Tenetur Natus,Puma,19781.79,14950.58,4.0
24,15,SKU-15-00024,Boat Sit Possimus,Boat,8897.63,6360.21,4.9
25,22,SKU-22-00025,Reliance Eveniet Laboriosam,Reliance,4570.68,2952.34,4.4
26,25,SKU-25-00026,Tata Cumque Rerum,Tata,10987.86,8570.37,2.9
27,1,SKU-01-00027,Reliance Est Quia,Reliance,27791.79,21908.74,3.8
28,6,SKU-06-00028,Boat Laborum Ratione,Boat,35189.19,22824.43,3.2
29,21,SKU-21-00029,Boat Aliquam Commodi,Boat,18602.64,15263.36,4.4
30,18,SKU-18-00030,Boat Dolores Odio,Boat,32607.19,22970.49,3.7
31,4,SKU-04-00031,Adidas Est Facere,Adidas,33503.26,21980.17,3.3
32,2,SKU-02-00032,LG Autem Porro,LG,34615.6,21962.44,2.7
33,16,SKU-16-00033,Apple Et Cupiditate,Apple,33981.12,24451.81,2.8
34,22,SKU-22-00034,Philips Suscipit Eos,Philips,28987.34,23676.53,3.8
35,20,SKU-20-00035,Puma Commodi Nihil,Puma,37808.89,24112.64,4.4
36,23,SKU-23-00036,LG Ducimus Aliquid,LG,23735.64,17852.43,4.2
37,12,SKU-12-00037,Philips Aspernatur Aspernatur,Philips,30446.82,22500.39,3.1
38,3,SKU-03-00038,Adidas Mollitia Dicta,Adidas,872.79,623.75,4.0
39,1,SKU-01-00039,Apple Excepturi Nostrum,Apple,20853.62,17725.24,2.7
40,2,SKU-02-00040,Adidas Consequatur Omnis,Adidas,2343.68,1864.35,4.2
41,7,SKU-07-00041,Boat Accusamus Provident,Boat,5332.81,3394.57,3.9
42,16,SKU-16-00042,LG Dicta Tempora,LG,29718.15,19637.02,3.0
43,4,SKU-04-00043,Tata Distinctio Vero,Tata,14523.06,10833.17,3.7
44,24,SKU-24-00044,Samsung Consequuntur Sequi,Samsung,26866.66,16866.78,2.7
45,13,SKU-13-00045,Reliance Quae Officia,Reliance,13145.68,8548.63,3.1
46,7,SKU-07-00046,Boat A Architecto,Boat,15100.72,11270.48,3.2
47,8,SKU-08-00047,Apple Magni Sequi,Apple,17119.66,11133.96,3.9
48,2,SKU-02-00048,Tata Vel Quia,Tata,38128.04,24982.13,4.9
49,30,SKU-30-00049,LG Molestiae Iste,LG,5804.18,4241.15,3.0
50,13,SKU-13-00050,Samsung Corrupti Incidunt,Samsung,4833.45,4199.46,3.5
51,30,SKU-30-00051,Philips Quasi Ut,Philips,10540.92,7202.71,4.3
52,26,SKU-26-00052,Boat Iste Sed,Boat,22698.88,16580.6,3.0
53,7,SKU-07-00053,Samsung Ratione Ratione,Samsung,20242.92,14521.59,4.4
54,2,SKU-02-00054,Samsung Omnis Quam,Samsung,20157.06,14646.02,4.6
55,6,SKU-06-00055,Samsung Qui Sunt,Samsung,28492.95,24023.39,3.0
56,20,SKU-20-00056,Apple Nam Sapiente,Apple,21239.79,16912.79,2.8
57,29,SKU-29-00057,OnePlus Perspiciatis Ab,OnePlus,8832.31,6230.76,4.0
58,14,SKU-14-00058,Tata Harum Blanditiis,Tata,20271.01,14633.44,4.8
59,7,SKU-07-00059,Tata Quod Perspiciatis,Tata,22549.34,17933.18,3.5
60,22,SKU-22-00060,Tata Temporibus Tempore,Tata,9782.47,7569.93,4.4
61,3,SKU-03-00061,Samsung Modi Expedita,Samsung,18410.09,11511.31,5.0
62,3,SKU-03-00062,Boat Nam Aliquam,Boat,6864.01,5407.54,4.8
63,29,SKU-29-00063,Apple Dolores Voluptatum,Apple,28950.2,21993.83,2.9
64,27,SKU-27-00064,Boat Hic Quod,Boat,25110.34,17618.14,5.0
65,21,SKU-21-00065,Boat Perspiciatis Quasi,Boat,447.42,294.8,3.2
66,22,SKU-22-00066,Apple Vero Pariatur,Apple,28420.15,23479.36,2.8
67,4,SKU-04-00067,Reliance Illum Rem,Reliance,17657.07,13875.27,4.0
68,23,SKU-23-00068,Adidas Tempora Ipsum,Adidas,7420.44,5169.57,3.2
69,16,SKU-16-00069,Nike Harum Fugit,Nike,34660.51,22642.88,2.7
70,14,SKU-14-00070,Nike Sapiente Adipisci,Nike,1557.21,1197.76,2.8
71,9,SKU-09-00071,Sony Error Ut,Sony,25946.95,18556.65,3.6
72,1,SKU-01-00072,Apple Fugit Recusandae,Apple,3053.9,1973.57,4.8
73,18,SKU-18-00073,Samsung Officia Quam,Samsung,29487.27,20881.42,2.9
74,5,SKU-05-00074,Samsung Ex Quia,Samsung,12087.54,7775.63,4.5
75,28,SKU-28-00075,Samsung Dolores Officia,Samsung,27981.14,22483.22,3.1
76,4,SKU-04-00076,Adidas Nam Eveniet,Adidas,30221.81,19524.89,3.5
77,20,SKU-20-00077,Reliance Accusamus Quas,Reliance,6192.82,3948.38,4.7
78,26,SKU-26-00078,Sony Aliquid Optio,Sony,25600.26,22047.26,4.3
79,11,SKU-11-00079,Puma Tempore Ipsa,Puma,30892.99,20075.65,4.5
80,9,SKU-09-00080,Sony Reprehenderit Quos,Sony,23620.02,19705.63,4.7
81,28,SKU-28-00081,Philips Modi Amet,Philips,8556.37,5638.6,3.7
82,10,SKU-10-00082,LG Nulla Tempore,LG,8176.79,5650.8,3.5
83,9,SKU-09-00083,Apple A Soluta,Apple,30838.47,24175.54,4.1
84,13,SKU-13-00084,Tata Voluptatibus Corrupti,Tata,34129.39,24530.63,4.8
85,4,SKU-04-00085,Nike Saepe Aliquid,Nike,7197.49,4546.34,3.2
86,4,SKU-04-00086,OnePlus Ratione Officia,OnePlus,16139.02,10920.64,3.3
87,20,SKU-20-00087,Boat Similique Natus,Boat,4632.58,2979.58,3.0
88,2,SKU-02-00088,Reliance Totam Quidem,Reliance,15165.24,10957.83,4.5
89,22,SKU-22-00089,Reliance Fuga Fuga,Reliance,34837.77,23512.55,3.0
90,14,SKU-14-00090,Apple Odit Tenetur,Apple,37117.21,23726.97,4.1
91,22,SKU-22-00091,Apple Rem Commodi,Apple,23160.73,18021.88,3.3
92,14,SKU-14-00092,Adidas Esse Temporibus,Adidas,12984.12,10119.77,2.8
93,14,SKU-14-00093,Tata Fuga Iusto,Tata,34209.55,23515.06,4.8
94,20,SKU-20-00094,OnePlus Maiores Id,OnePlus,10605.08,7593.65,2.5
95,10,SKU-10-00095,LG Perspiciatis Laborum,LG,15244.67,10804.21,4.1
96,15,SKU-15-00096,Philips Aperiam Fuga,Philips,13844.63,11109.78,3.7
97,29,SKU-29-00097,Reliance Est Cupiditate,Reliance,5139.16,4325.32,3.8
98,21,SKU-21-00098,OnePlus Incidunt Inventore,OnePlus,12823.77,8446.19,4.4
99,22,SKU-22-00099,Nike Minima Praesentium,Nike,7057.77,5693.55,2.6
100,8,SKU-08-00100,Philips Explicabo Nulla,Philips,22917.04,15320.72,3.6
101,29,SKU-29-00101,Tata Delectus Exercitationem,Tata,21265.28,14434.21,3.5
102,13,SKU-13-00102,LG Corrupti Impedit,LG,5508.66,3774.53,4.7
103,28,SKU-28-00103,Apple Error Sit,Apple,24323.69,19482.67,4.5
104,23,SKU-23-00104,Boat Dolores Perferendis,Boat,16343.92,11667.29,4.8
105,4,SKU-04-00105,Philips Exercitationem Velit,Philips,4648.28,3420.14,3.8
106,18,SKU-18-00106,OnePlus Repudiandae Ea,OnePlus,11919.97,8000.72,3.6
107,27,SKU-27-00107,Reliance Mollitia Qui,Reliance,29942.52,22311.31,4.8
108,15,SKU-15-00108,Sony Animi Quidem,Sony,25386.23,18617.02,3.1
109,8,SKU-08-00109,Tata Et Corrupti,Tata,10507.25,7005.05,3.7
110,8,SKU-08-00110,Nike Iusto Veniam,Nike,16259.77,11052.83,3.1
111,11,SKU-11-00111,Adidas Perspiciatis Alias,Adidas,26496.74,22336.37,2.9
112,13,SKU-13-00112,Reliance Dolorem Dignissimos,Reliance,4866.53,3904.85,3.5
113,11,SKU-11-00113,Boat Sunt Cupiditate,Boat,13784.62,11701.52,4.6
114,13,SKU-13-00114,OnePlus Optio Molestias,OnePlus,27413.41,23656.94,4.7
115,19,SKU-19-00115,Puma Animi Aut,Puma,18854.28,11976.8,3.2
116,13,SKU-13-00116,Puma Rerum Ipsum,Puma,19990.4,13501.69,4.5
117,29,SKU-29-00117,LG Id Aut,LG,15600.85,12256.91,3.7
118,13,SKU-13-00118,Adidas Praesentium Illum,Adidas,25285.97,16754.95,4.3
119,27,SKU-27-00119,Philips Maxime Ducimus,Philips,36595.05,22996.59,3.8
120,30,SKU-30-00120,Puma Error Id,Puma,21490.8,14838.13,2.7
121,14,SKU-14-00121,Sony Sapiente Nam,Sony,26710.61,21684.6,3.2
122,11,SKU-11-00122,LG Expedita Aliquam,LG,14870.03,11422.01,4.7
123,9,SKU-09-00123,Puma Quae Fuga,Puma,7574.0,6381.56,2.5
124,18,SKU-18-00124,Samsung Magni Porro,Samsung,32684.05,24997.7,4.1
125,25,SKU-25-00125,Tata Inventore Porro,Tata,1283.19,1102.43,3.1
126,27,SKU-27-00126,Samsung Maxime Quia,Samsung,19578.45,15571.26,3.7
127,4,SKU-04-00127,OnePlus Officiis Facilis,OnePlus,32213.43,23699.15,3.1
128,12,SKU-12-00128,Sony Cum Aliquam,Sony,24050.93,15186.73,4.3
129,25,SKU-25-00129,Sony In Nemo,Sony,28913.16,24121.55,2.6
130,10,SKU-10-00130,OnePlus Atque Facilis,OnePlus,26826.18,16965.95,3.5
131,23,SKU-23-00131,LG Fuga Veritatis,LG,2910.32,1992.31,4.1
132,4,SKU-04-00132,Reliance At Occaecati,Reliance,29633.09,19334.77,4.0
133,4,SKU-04-00133,OnePlus Alias Unde,OnePlus,25586.17,19587.62,3.6
134,12,SKU-12-00134,Apple Ipsa Eum,Apple,16553.08,12698.42,4.6
135,27,SKU-27-00135,Philips Debitis Distinctio,Philips,4316.54,2727.92,4.1
136,27,SKU-27-00136,Philips Mollitia Distinctio,Philips,23839.79,17711.99,4.3
137,21,SKU-21-00137,Nike Odio Quos,Nike,24139.59,15436.22,4.4
138,15,SKU-15-00138,Puma Ad Iure,Puma,29268.36,20660.79,3.3
139,8,SKU-08-00139,Apple Exercitationem Eius,Apple,9531.32,7045.31,4.4
140,19,SKU-19-00140,OnePlus Expedita Dolores,OnePlus,21782.33,16737.89,3.7
141,11,SKU-11-00141,Sony Repellat Suscipit,Sony,16030.36,12239.99,3.1
142,9,SKU-09-00142,OnePlus Dolore Dolorem,OnePlus,22376.41,17559.48,2.5
143,7,SKU-07-00143,Apple Voluptates Magnam,Apple,8143.67,6109.77,3.9
144,8,SKU-08-00144,Reliance Voluptates At,Reliance,17577.37,11954.72,3.6
145,1,SKU-01-00145,Apple Ipsum Unde,Apple,9891.91,7426.47,3.1
146,22,SKU-22-00146,OnePlus Repellat Repudiandae,OnePlus,12995.35,9288.61,3.4
147,24,SKU-24-00147,Boat Sunt Delectus,Boat,12223.98,8336.7,3.2
148,9,SKU-09-00148,LG Maiores Quos,LG,3839.01,3104.33,2.8
149,18,SKU-18-00149,Reliance Dolore Tenetur,Reliance,5875.41,4710.23,3.7
150,24,SKU-24-00150,OnePlus Inventore Nam,OnePlus,33844.78,24417.51,3.2
151,4,SKU-04-00151,LG Aspernatur Aspernatur,LG,9812.18,7476.54,3.3
152,23,SKU-23-00152,Boat Eveniet Vel,Boat,3806.31,3251.92,2.6
153,10,SKU-10-00153,Reliance Ipsa Necessitatibus,Reliance,33925.43,23607.83,4.4
154,4,SKU-04-00154,Samsung Dolores Veritatis,Samsung,19593.8,14394.2,3.6
155,6,SKU-06-00155,Samsung Ratione Asperiores,Samsung,9821.33,6386.71,2.8
156,3,SKU-03-00156,Puma Ratione Beatae,Puma,17401.53,12344.49,4.2
157,5,SKU-05-00157,Sony Consequatur Iste,Sony,32011.23,20297.44,2.7
158,8,SKU-08-00158,Apple Dicta Impedit,Apple,18716.57,13996.02,4.0
159,20,SKU-20-00159,LG Dignissimos Repellendus,LG,25650.21,19414.77,4.8
160,10,SKU-10-00160,OnePlus Consectetur Pariatur,OnePlus,31865.96,24751.78,4.1
161,20,SKU-20-00161,Reliance Et Quasi,Reliance,3838.98,2570.92,4.1
162,9,SKU-09-00162,Tata Unde Tempore,Tata,2668.81,2121.57,3.9
163,6,SKU-06-00163,Samsung Itaque Ducimus,Samsung,14999.48,10272.09,3.7
164,2,SKU-02-00164,LG Temporibus Voluptas,LG,9290.28,7273.81,4.6
165,3,SKU-03-00165,Tata Minima Voluptates,Tata,7502.94,5912.25,4.5
166,19,SKU-19-00166,Tata Est Nam,Tata,24925.65,20117.25,2.8
167,8,SKU-08-00167,Tata Eum Eaque,Tata,4836.72,3809.84,2.9
168,2,SKU-02-00168,Sony Consectetur Repudiandae,Sony,28123.52,19836.45,4.6
169,30,SKU-30-00169,Nike Esse Ducimus,Nike,15017.58,11034.92,3.3
170,13,SKU-13-00170,Nike Ex Quasi,Nike,17237.35,12561.76,2.7
171,2,SKU-02-00171,Puma Veniam Aspernatur,Puma,26144.38,18389.89,2.6
172,8,SKU-08-00172,Tata Perspiciatis Maxime,Tata,29466.4,20915.37,4.9
173,25,SKU-25-00173,Tata Aliquid Tempora,Tata,28966.12,20553.39,4.4
174,6,SKU-06-00174,Philips Distinctio Repudiandae,Philips,17566.99,13022.2,3.2
175,19,SKU-19-00175,Puma Labore Ut,Puma,21811.72,15906.14,2.7
176,12,SKU-12-00176,Puma Dolores Totam,Puma,12192.2,8399.38,4.6
177,11,SKU-11-00177,Puma Eum Excepturi,Puma,22231.52,17372.47,4.9
178,27,SKU-27-00178,Boat Quod Eos,Boat,1206.0,1013.76,3.1
179,4,SKU-04-00179,Puma Eaque Repellat,Puma,32913.47,21636.27,2.5
180,28,SKU-28-00180,Boat Aliquam Error,Boat,13626.72,11603.21,3.8
181,20,SKU-20-00181,Philips Delectus Fugit,Philips,23383.57,15672.68,3.0
182,18,SKU-18-00182,Sony Dolorum Magni,Sony,31252.65,23199.05,4.2
183,4,SKU-04-00183,Samsung Possimus Voluptatum,Samsung,34647.67,24331.36,3.1
184,6,SKU-06-00184,Nike Eum Vero,Nike,19321.7,13815.89,2.7
185,27,SKU-27-00185,Apple Dignissimos Nostrum,Apple,13941.2,11590.05,4.6
186,16,SKU-16-00186,Reliance Eum Ducimus,Reliance,10811.11,7367.35,3.5
187,16,SKU-16-00187,Philips Ex Non,Philips,8624.55,6168.9,3.5
188,30,SKU-30-00188,OnePlus Voluptatum Exercitationem,OnePlus,19715.67,12755.2,4.7
189,9,SKU-09-00189,Puma Doloribus Ab,Puma,12882.64,8562.89,3.2
190,1,SKU-01-00190,Nike Explicabo Fuga,Nike,27756.36,18178.67,3.9
191,22,SKU-22-00191,Philips Qui Quis,Philips,29241.22,21644.99,3.7
192,11,SKU-11-00192,Boat Fuga Atque,Boat,25201.22,19095.53,4.8
193,28,SKU-28-00193,LG Dolorum Ex,LG,30834.6,24521.29,3.5
194,28,SKU-28-00194,Puma Similique Soluta,Puma,1762.57,1186.82,4.3
195,26,SKU-26-00195,Puma Reprehenderit Debitis,Puma,14071.36,9713.36,4.6
196,5,SKU-05-00196,Philips Voluptate Maxime,Philips,29113.26,24124.13,4.9
197,11,SKU-11-00197,Apple Modi Aliquid,Apple,29480.19,21867.34,3.8
198,15,SKU-15-00198,Samsung Laudantium Minus,Samsung,24139.4,18088.85,4.1
199,5,SKU-05-00199,Apple Et Sit,Apple,18701.12,11790.32,3.3
200,23,SKU-23-00200,Puma Reiciendis Deleniti,Puma,24963.46,16280.93,4.6
201,28,SKU-28-00201,Boat Itaque Tenetur,Boat,12359.16,9562.23,4.3
202,25,SKU-25-00202,Philips Ab Fugit,Philips,25448.22,21822.34,2.7
203,21,SKU-21-00203,Tata Perferendis Maxime,Tata,36823.13,23031.13,4.4
204,14,SKU-14-00204,Apple Exercitationem Voluptates,Apple,27916.98,19033.21,2.8
205,6,SKU-06-00205,Reliance Sed Iste,Reliance,8788.65,7556.71,3.3
206,2,SKU-02-00206,Nike Quod Tenetur,Nike,12128.87,9025.74,3.1
207,14,SKU-14-00207,OnePlus Nobis Fuga,OnePlus,21022.01,17076.83,2.9
208,20,SKU-20-00208,Puma Vitae Unde,Puma,19543.53,15530.79,4.8
209,5,SKU-05-00209,LG Ipsum Hic,LG,14643.8,11582.63,3.1
210,1,SKU-01-00210,Philips Ullam Iste,Philips,32794.17,22540.11,2.9
211,15,SKU-15-00211,Adidas Inventore Exercitationem,Adidas,31720.5,24692.53,4.9
212,23,SKU-23-00212,Nike Nemo Sunt,Nike,14756.6,11475.21,5.0
213,28,SKU-28-00213,Philips Commodi Dolor,Philips,3641.93,2755.67,3.4
214,10,SKU-10-00214,Reliance Placeat Impedit,Reliance,11848.05,7451.25,4.1
215,9,SKU-09-00215,Samsung Aperiam Nemo,Samsung,20700.05,14191.63,4.4
216,2,SKU-02-00216,OnePlus Accusamus Repellendus,OnePlus,28444.4,18654.79,4.8
217,25,SKU-25-00217,LG Sunt Modi,LG,19910.71,15215.92,4.1
218,20,SKU-20-00218,Nike Harum Provident,Nike,25030.22,16976.34,4.1
219,27,SKU-27-00219,Sony Adipisci Vel,Sony,24505.07,15743.38,4.1
220,10,SKU-10-00220,Philips Perferendis Iste,Philips,1223.22,930.78,2.8
221,30,SKU-30-00221,Nike Illo Aliquid,Nike,11010.42,8235.31,3.0
222,26,SKU-26-00222,Boat Facilis Aut,Boat,28821.91,21923.87,3.8
223,9,SKU-09-00223,Sony Assumenda Aspernatur,Sony,9885.03,6498.56,3.7
224,26,SKU-26-00224,Nike Perferendis Impedit,Nike,24341.39,18689.33,2.8
225,3,SKU-03-00225,Sony Facere Quae,Sony,23626.78,18878.37,4.2
226,22,SKU-22-00226,Puma Sapiente Quod,Puma,36569.31,24185.02,3.4
227,26,SKU-26-00227,Puma Sunt Officia,Puma,621.38,446.57,3.6
228,22,SKU-22-00228,Reliance Delectus Perferendis,Reliance,23797.62,16841.29,4.6
229,12,SKU-12-00229,Apple Cum Quisquam,Apple,23025.25,16903.43,4.0
230,18,SKU-18-00230,Adidas Natus Laudantium,Adidas,28603.53,22889.87,2.7
231,27,SKU-27-00231,Philips Qui Architecto,Philips,29248.13,22743.75,3.5
232,5,SKU-05-00232,Samsung Dolor Quos,Samsung,30452.03,23661.91,3.7
233,4,SKU-04-00233,LG Accusantium Sed,LG,26876.52,22192.76,3.6
234,22,SKU-22-00234,Reliance Nihil Dolor,Reliance,24298.84,17442.45,4.0
235,24,SKU-24-00235,Sony Impedit Possimus,Sony,31995.81,22146.8,4.6
236,20,SKU-20-00236,Puma Minima Recusandae,Puma,29960.82,23482.42,4.2
237,7,SKU-07-00237,Philips Occaecati Nisi,Philips,14036.0,11172.93,3.4
238,22,SKU-22-00238,Adidas Possimus Corporis,Adidas,21715.35,13657.2,3.4
239,13,SKU-13-00239,Nike Reiciendis Necessitatibus,Nike,5815.47,4826.23,4.6
240,15,SKU-15-00240,Apple Ut Neque,Apple,23887.76,16602.94,4.0
241,1,SKU-01-00241,Samsung Ex Sequi,Samsung,24803.14,19691.19,2.8
242,19,SKU-19-00242,LG Unde Maxime,LG,2702.31,1808.39,3.0
243,7,SKU-07-00243,LG Inventore Soluta,LG,10073.16,8281.13,4.8
244,1,SKU-01-00244,Nike Iure Temporibus,Nike,26093.64,21474.31,2.8
245,9,SKU-09-00245,Sony Laborum Nam,Sony,4368.96,2837.17,2.8
246,12,SKU-12-00246,LG Saepe Atque,LG,17081.64,14762.44,3.2
247,5,SKU-05-00247,Reliance Accusantium Totam,Reliance,12710.39,10581.92,2.7
248,15,SKU-15-00248,Adidas Quaerat Nesciunt,Adidas,15443.63,12879.63,3.8
249,20,SKU-20-00249,Samsung Ex Minus,Samsung,28385.69,18208.35,4.1
250,10,SKU-10-00250,Philips Cupiditate Fugiat,Philips,18763.01,16119.18,5.0
251,28,SKU-28-00251,Puma Debitis Laboriosam,Puma,12841.87,10714.21,4.3
252,15,SKU-15-00252,Apple Sed Possimus,Apple,29125.69,22491.74,2.9
253,5,SKU-05-00253,Nike Minus Aliquam,Nike,22113.58,15645.51,4.3
254,13,SKU-13-00254,OnePlus Fugiat Eum,OnePlus,18025.21,13310.87,4.0
255,4,SKU-04-00255,Reliance Ipsa Nostrum,Reliance,4260.06,2948.91,4.7
256,18,SKU-18-00256,Reliance Corrupti Beatae,Reliance,29088.48,21650.76,4.7
257,14,SKU-14-00257,Adidas Dignissimos Veniam,Adidas,27522.81,20702.74,4.3
258,11,SKU-11-00258,Puma Dicta Quas,Puma,9968.17,7881.84,4.9
259,22,SKU-22-00259,Philips Earum Dicta,Philips,2700.48,1771.62,2.7
260,4,SKU-04-00260,Reliance Autem Minus,Reliance,28026.95,18496.02,3.9
261,19,SKU-19-00261,Boat Modi Corrupti,Boat,20445.8,14085.92,3.5
262,28,SKU-28-00262,Tata Quia Quasi,Tata,31543.3,23534.13,4.8
263,2,SKU-02-00263,Nike Numquam Voluptas,Nike,19689.3,15050.21,3.9
264,7,SKU-07-00264,Sony Nostrum Porro,Sony,20580.89,16452.73,2.8
265,28,SKU-28-00265,Boat Autem Asperiores,Boat,13815.24,9252.27,3.9
266,26,SKU-26-00266,Puma Itaque In,Puma,33588.79,21144.36,4.5
267,20,SKU-20-00267,Tata Corrupti Alias,Tata,18708.94,16103.21,4.8
268,27,SKU-27-00268,Reliance Iusto Eveniet,Reliance,8322.15,6759.45,4.3
269,10,SKU-10-00269,Adidas Vero Tenetur,Adidas,10888.22,8840.48,2.9
270,22,SKU-22-00270,Puma Dolore Modi,Puma,2718.66,1832.68,4.9
271,3,SKU-03-00271,Reliance Laborum Esse,Reliance,17558.42,13309.02,3.6
272,6,SKU-06-00272,Adidas Nesciunt Expedita,Adidas,10186.04,7859.77,4.9
273,20,SKU-20-00273,Apple Provident Unde,Apple,26956.41,22095.22,4.4
274,2,SKU-02-00274,Tata Aliquam Veniam,Tata,2876.09,2131.38,3.6
275,20,SKU-20-00275,Philips Sequi Eligendi,Philips,12985.3,10413.18,3.8
276,12,SKU-12-00276,Puma Id Beatae,Puma,4163.55,2861.16,4.0
277,17,SKU-17-00277,Tata Illum Sed,Tata,9718.59,7779.64,5.0
278,2,SKU-02-00278,Samsung Quos Asperiores,Samsung,8176.52,5190.14,4.4
279,25,SKU-25-00279,Nike Dolor Earum,Nike,8797.85,7307.23,3.7
280,14,SKU-14-00280,Sony Alias Amet,Sony,4609.12,3316.72,3.1
281,18,SKU-18-00281,Tata Ullam Perferendis,Tata,23854.87,20174.38,4.7
282,2,SKU-02-00282,Puma Sequi Odit,Puma,886.55,566.66,4.7
283,19,SKU-19-00283,Puma Animi Asperiores,Puma,21124.71,14377.65,3.5
284,4,SKU-04-00284,Puma Expedita Cum,Puma,802.74,619.33,4.5
285,20,SKU-20-00285,Philips Architecto Blanditiis,Philips,32556.33,20817.45,2.7
286,28,SKU-28-00286,Apple Veniam Animi,Apple,8714.34,6158.58,3.8
287,13,SKU-13-00287,Nike Corrupti Placeat,Nike,23332.71,18670.54,4.4
288,3,SKU-03-00288,Boat Ea Impedit,Boat,22036.05,15867.29,3.0
289,25,SKU-25-00289,Adidas Aperiam Esse,Adidas,13981.58,8842.38,4.1
290,5,SKU-05-00290,LG Doloremque Molestiae,LG,3365.18,2659.83,2.9
291,5,SKU-05-00291,Tata Sit Sapiente,Tata,3118.76,1976.3,4.1
292,15,SKU-15-00292,OnePlus Dolores Natus,OnePlus,25716.45,19020.94,4.8
293,19,SKU-19-00293,Tata Ea Consequuntur,Tata,22780.54,15918.93,4.7
294,21,SKU-21-00294,Adidas Porro Expedita,Adidas,4556.24,3858.84,3.6
295,10,SKU-10-00295,Nike Fuga Officia,Nike,19398.41,14826.35,2.7
296,15,SKU-15-00296,Philips Ex Vel,Philips,1363.86,1036.42,3.2
297,21,SKU-21-00297,Apple Atque Magnam,Apple,21242.87,15413.71,3.7
298,18,SKU-18-00298,Reliance Omnis Excepturi,Reliance,30303.23,22407.33,4.5
299,21,SKU-21-00299,LG Atque Assumenda,LG,11056.88,8106.02,2.9
300,2,SKU-02-00300,Philips Repudiandae Accusamus,Philips,4161.99,2677.2,3.4
301,23,SKU-23-00301,Apple Similique Illo,Apple,15546.08,12663.27,3.1
302,15,SKU-15-00302,Philips A A,Philips,18730.04,13149.31,3.4
303,30,SKU-30-00303,Nike Sit Unde,Nike,14605.47,9746.67,4.2
304,2,SKU-02-00304,Tata Officiis Eaque,Tata,19131.61,16217.9,2.7
305,22,SKU-22-00305,Puma Eligendi Quidem,Puma,10588.39,7175.26,4.1
306,30,SKU-30-00306,OnePlus Quia Fugit,OnePlus,28398.34,21844.66,4.0
307,5,SKU-05-00307,Adidas Veritatis Ea,Adidas,11308.55,7824.77,4.2
308,5,SKU-05-00308,OnePlus Iure Voluptatem,OnePlus,21089.16,17749.97,3.9
309,21,SKU-21-00309,Adidas Necessitatibus Quos,Adidas,29536.62,20348.3,4.6
310,24,SKU-24-00310,Tata Eveniet Hic,Tata,27202.61,22819.95,4.2
311,17,SKU-17-00311,Adidas Officia Quasi,Adidas,714.02,553.94,4.9
312,11,SKU-11-00312,Philips Aliquid Deleniti,Philips,7809.44,4880.93,2.9
313,10,SKU-10-00313,Apple Id Tenetur,Apple,17747.55,12741.47,4.3
314,17,SKU-17-00314,Samsung Doloremque Vel,Samsung,25608.92,16582.04,4.0
315,20,SKU-20-00315,Puma Sapiente Neque,Puma,4852.74,3940.89,4.2
316,20,SKU-20-00316,Sony Iure Aliquam,Sony,21121.12,18057.46,3.4
317,24,SKU-24-00317,LG Iure Pariatur,LG,34540.31,24242.76,4.4
318,26,SKU-26-00318,Philips Quisquam Ipsa,Philips,7453.53,5926.67,4.9
319,26,SKU-26-00319,Philips Autem Sapiente,Philips,27974.23,22608.96,4.2
320,19,SKU-19-00320,Philips Sint Cum,Philips,14805.52,11595.83,3.5
321,17,SKU-17-00321,Puma Cumque Suscipit,Puma,36665.36,24160.08,4.5
322,5,SKU-05-00322,Nike Amet Suscipit,Nike,1911.79,1399.28,3.4
323,30,SKU-30-00323,Apple Pariatur Doloribus,Apple,24621.62,17813.88,2.8
324,3,SKU-03-00324,Sony Ipsa Voluptatum,Sony,10734.3,6892.5,2.9
325,14,SKU-14-00325,Apple Optio Omnis,Apple,29580.15,23665.69,3.6
326,12,SKU-12-00326,Samsung Molestiae Beatae,Samsung,13856.49,10430.93,3.4
327,13,SKU-13-00327,Apple Deleniti Corporis,Apple,10970.31,9435.33,4.8
328,27,SKU-27-00328,Reliance Aliquid Ullam,Reliance,24525.71,16284.02,2.8
329,10,SKU-10-00329,Philips Consequuntur Alias,Philips,21135.78,17432.19,4.3
330,15,SKU-15-00330,OnePlus At Laudantium,OnePlus,273.59,230.75,3.1
331,27,SKU-27-00331,Sony Deserunt Sint,Sony,20334.76,13765.23,3.8
332,4,SKU-04-00332,Nike Illum Mollitia,Nike,7249.76,6017.24,3.1
333,21,SKU-21-00333,OnePlus Blanditiis Vel,OnePlus,13777.25,11482.13,4.8
334,20,SKU-20-00334,Boat Debitis At,Boat,703.73,509.24,3.1
335,5,SKU-05-00335,Nike Beatae Hic,Nike,15390.93,10788.05,3.1
336,14,SKU-14-00336,Sony Quasi Provident,Sony,19780.46,16642.85,4.9
337,3,SKU-03-00337,Boat Reiciendis Accusantium,Boat,20524.49,13647.64,3.8
338,1,SKU-01-00338,Puma Repellat Tempora,Puma,25550.82,21845.95,3.5
339,12,SKU-12-00339,Nike Delectus Fugit,Nike,24520.67,18708.18,2.7
340,8,SKU-08-00340,Reliance Similique Neque,Reliance,19699.11,16461.9,4.0
341,25,SKU-25-00341,Adidas Necessitatibus Nam,Adidas,4477.67,3421.9,3.3
342,21,SKU-21-00342,Sony Dolorum Earum,Sony,30294.44,20776.55,5.0
343,16,SKU-16-00343,Tata Nam Harum,Tata,5616.02,4638.72,4.3
344,15,SKU-15-00344,Samsung Eaque Amet,Samsung,8663.74,7406.72,3.0
345,2,SKU-02-00345,Adidas Minima Fugit,Adidas,32255.37,23340.94,5.0
346,18,SKU-18-00346,Philips Qui Blanditiis,Philips,9540.66,6407.51,3.0
347,12,SKU-12-00347,Samsung Aliquid Libero,Samsung,28142.16,21658.38,2.8
348,12,SKU-12-00348,Puma Sunt Architecto,Puma,33027.21,22248.21,4.7
349,13,SKU-13-00349,Adidas Odit Itaque,Adidas,33433.77,24345.72,3.7
350,30,SKU-30-00350,Boat Dicta Esse,Boat,8003.16,6741.35,3.6
351,14,SKU-14-00351,OnePlus Nostrum Laudantium,OnePlus,30629.85,24877.94,3.2
352,4,SKU-04-00352,Apple Recusandae Ullam,Apple,10604.58,8265.21,3.6
353,23,SKU-23-00353,Puma Saepe Aperiam,Puma,5735.73,4249.45,3.6
354,24,SKU-24-00354,Adidas Itaque Maxime,Adidas,20737.33,15409.8,4.1
355,26,SKU-26-00355,Samsung Deserunt Dolor,Samsung,2828.54,1968.53,3.4
356,26,SKU-26-00356,Reliance Perferendis Commodi,Reliance,26866.18,17017.32,2.9
357,20,SKU-20-00357,Tata Autem Odit,Tata,22794.09,19554.67,2.7
358,25,SKU-25-00358,Tata Aperiam Ab,Tata,12193.55,9221.58,3.9
359,20,SKU-20-00359,Sony Facilis At,Sony,26822.14,17008.65,3.4
360,25,SKU-25-00360,Apple Quod Sapiente,Apple,19977.92,14390.65,3.5
361,21,SKU-21-00361,Nike Quas Ab,Nike,7585.04,6315.33,4.3
362,16,SKU-16-00362,Boat Repudiandae Itaque,Boat,13657.19,9735.99,3.2
363,9,SKU-09-00363,Reliance Ratione Necessitatibus,Reliance,17921.18,11212.2,3.2
364,30,SKU-30-00364,Philips Quas Animi,Philips,6157.65,5084.44,2.7
365,6,SKU-06-00365,Reliance Perspiciatis Enim,Reliance,13302.56,11183.27,4.2
366,28,SKU-28-00366,Adidas Blanditiis Libero,Adidas,24580.11,16729.21,3.9
367,10,SKU-10-00367,Nike Aperiam Voluptate,Nike,31316.1,21298.92,4.8
368,21,SKU-21-00368,Sony Nostrum Labore,Sony,27389.94,19863.04,2.8
369,7,SKU-07-00369,Sony Nisi Doloremque,Sony,8226.63,5994.73,3.4
370,19,SKU-19-00370,Adidas Reprehenderit Enim,Adidas,18691.72,11738.41,2.8
371,29,SKU-29-00371,Apple Voluptate Architecto,Apple,2308.94,1737.13,4.3
372,16,SKU-16-00372,Boat Blanditiis A,Boat,13781.15,10328.8,3.9
373,5,SKU-05-00373,Adidas Dolores Sunt,Adidas,21767.26,16094.23,4.2
374,12,SKU-12-00374,Sony Quibusdam Doloribus,Sony,32966.37,21961.21,4.1
375,6,SKU-06-00375,Sony Itaque Odio,Sony,16958.68,10872.2,2.6
376,4,SKU-04-00376,Boat Blanditiis Nostrum,Boat,4786.32,3910.09,3.3
377,23,SKU-23-00377,LG In Ullam,LG,13713.77,8715.97,4.7
378,28,SKU-28-00378,Apple Quibusdam Ipsam,Apple,9102.92,6340.07,3.9
379,5,SKU-05-00379,Tata Magni Sit,Tata,10620.56,7640.33,3.8
380,6,SKU-06-00380,OnePlus Reiciendis Ullam,OnePlus,28711.71,23546.01,4.1
381,24,SKU-24-00381,OnePlus Quidem Occaecati,OnePlus,13319.57,8506.73,2.6
382,28,SKU-28-00382,Samsung Doloremque Sit,Samsung,3346.78,2122.45,4.4
383,9,SKU-09-00383,Tata Eveniet Inventore,Tata,7528.7,5349.13,4.0
384,1,SKU-01-00384,Philips Quae Neque,Philips,31030.59,22236.02,4.1
385,10,SKU-10-00385,Philips Quisquam Temporibus,Philips,9378.66,6197.46,3.5
386,15,SKU-15-00386,Apple Amet Quo,Apple,21060.3,17246.48,3.5
387,15,SKU-15-00387,LG Minus Corrupti,LG,10410.52,8570.79,4.7
388,11,SKU-11-00388,Reliance Ratione Iste,Reliance,32246.12,24701.78,3.5
389,25,SKU-25-00389,Adidas Rerum Repellat,Adidas,15478.96,12923.01,3.1
390,4,SKU-04-00390,Nike Pariatur Similique,Nike,13705.22,11294.94,2.6
391,13,SKU-13-00391,OnePlus Perferendis Unde,OnePlus,16641.99,10511.56,4.8
392,27,SKU-27-00392,Adidas Tempora Eveniet,Adidas,34430.36,23350.41,3.0
393,6,SKU-06-00393,Philips Repellendus Aspernatur,Philips,33865.17,24899.64,4.7
394,16,SKU-16-00394,Samsung Saepe Aspernatur,Samsung,3108.03,2342.22,3.6
395,8,SKU-08-00395,LG Fuga Numquam,LG,17139.3,14625.27,3.2
396,20,SKU-20-00396,Tata Nemo Soluta,Tata,21538.77,16845.76,2.5
397,4,SKU-04-00397,Puma Odio Deleniti,Puma,4359.03,3434.98,3.4
398,13,SKU-13-00398,Adidas Vero Magni,Adidas,1438.76,1226.54,3.9
399,12,SKU-12-00399,Boat Deserunt Minus,Boat,9645.86,7286.18,3.6
400,18,SKU-18-00400,Nike Totam Ad,Nike,29539.33,20650.25,4.0
401,5,SKU-05-00401,Apple Sint Deserunt,Apple,14938.63,9908.2,3.3
402,12,SKU-12-00402,Sony Quos Nulla,Sony,6973.5,5056.54,3.8
403,2,SKU-02-00403,Samsung Voluptate Eos,Samsung,4565.41,3512.21,3.7
404,15,SKU-15-00404,Sony Rem Consequatur,Sony,21000.38,15195.89,3.3
405,20,SKU-20-00405,Adidas Beatae Exercitationem,Adidas,6616.57,4146.3,4.3
406,10,SKU-10-00406,OnePlus Ipsa Inventore,OnePlus,12906.2,8475.7,3.8
407,23,SKU-23-00407,OnePlus Veritatis Fuga,OnePlus,11476.44,7564.79,3.4
408,22,SKU-22-00408,Apple Dolorum Eligendi,Apple,34609.55,24499.46,4.5
409,24,SKU-24-00409,Reliance Atque Laboriosam,Reliance,22369.47,15768.59,3.2
410,21,SKU-21-00410,OnePlus Amet Esse,OnePlus,21357.21,14483.1,4.0
411,6,SKU-06-00411,Boat Tempora Quia,Boat,22523.07,15762.73,4.6
412,5,SKU-05-00412,Tata Illo Consequatur,Tata,8629.91,6130.69,4.3
413,7,SKU-07-00413,Samsung Tempore Earum,Samsung,14832.53,11081.86,3.5
414,7,SKU-07-00414,Puma Aut Illum,Puma,17950.4,12595.31,3.7
415,28,SKU-28-00415,Reliance Animi Voluptate,Reliance,26728.37,18212.31,3.8
416,18,SKU-18-00416,Adidas Libero Nam,Adidas,34067.86,24953.26,3.4
417,6,SKU-06-00417,Philips Enim Rem,Philips,29747.78,22811.89,3.4
418,25,SKU-25-00418,Reliance Nihil Enim,Reliance,25774.39,17050.57,3.2
419,16,SKU-16-00419,LG Unde Corrupti,LG,30533.8,23937.7,3.2
420,10,SKU-10-00420,Nike Molestiae Quae,Nike,25782.7,17652.03,3.7
421,16,SKU-16-00421,Adidas Exercitationem Ratione,Adidas,22075.43,14056.14,4.3
422,10,SKU-10-00422,Apple Atque Exercitationem,Apple,20051.39,14379.57,4.7
423,13,SKU-13-00423,Adidas Nemo Maiores,Adidas,36092.92,23869.76,3.2
424,10,SKU-10-00424,Reliance Esse Officia,Reliance,3237.82,2067.83,4.1
425,24,SKU-24-00425,Philips Impedit Quo,Philips,8264.97,5428.27,3.2
426,18,SKU-18-00426,Reliance Asperiores Laudantium,Reliance,8230.22,6863.37,4.4
427,8,SKU-08-00427,LG Dolore Velit,LG,2124.3,1364.06,3.1
428,8,SKU-08-00428,Samsung Officia Atque,Samsung,3369.86,2594.93,3.7
429,22,SKU-22-00429,Sony Suscipit Fugit,Sony,320.09,229.02,4.8
430,14,SKU-14-00430,Tata Voluptas Cumque,Tata,36132.2,23382.3,3.7
431,7,SKU-07-00431,Nike Et Sint,Nike,11665.09,8097.08,4.8
432,3,SKU-03-00432,Tata Commodi Enim,Tata,20022.11,14395.92,4.3
433,30,SKU-30-00433,Samsung Culpa Vero,Samsung,28064.6,22839.42,4.7
434,6,SKU-06-00434,Samsung Nihil Ab,Samsung,33122.63,24929.58,3.7
435,30,SKU-30-00435,Reliance Itaque Quibusdam,Reliance,37690.64,24057.07,4.7
436,1,SKU-01-00436,Nike Aut Minima,Nike,17066.28,14242.25,5.0
437,10,SKU-10-00437,Philips Voluptatem Animi,Philips,34483.64,24728.58,3.7
438,5,SKU-05-00438,Boat Cum Odio,Boat,14536.59,11753.72,2.8
439,6,SKU-06-00439,Reliance Dolores Veritatis,Reliance,14590.48,11526.97,3.0
440,24,SKU-24-00440,Adidas Provident Nisi,Adidas,27815.03,19790.11,4.4
441,6,SKU-06-00441,OnePlus Rem Sapiente,OnePlus,33276.57,21418.05,4.6
442,17,SKU-17-00442,Adidas Asperiores Iusto,Adidas,3279.3,2259.77,3.0
443,5,SKU-05-00443,Philips Quibusdam Adipisci,Philips,10291.9,8157.68,3.2
444,8,SKU-08-00444,Philips Quaerat Eligendi,Philips,29799.38,18868.54,3.3
445,24,SKU-24-00445,OnePlus Magni Est,OnePlus,555.64,384.75,4.2
446,2,SKU-02-00446,Tata Laboriosam Aspernatur,Tata,3920.61,3043.8,3.5
447,17,SKU-17-00447,Reliance Exercitationem Tempora,Reliance,28144.95,19269.04,4.1
448,10,SKU-10-00448,Adidas Minus Necessitatibus,Adidas,19233.77,15404.17,2.8
449,5,SKU-05-00449,Philips Asperiores Molestiae,Philips,26628.75,18718.6,3.5
450,18,SKU-18-00450,Philips Iure Vel,Philips,28643.64,18958.03,4.6
451,25,SKU-25-00451,LG Autem Vel,LG,24165.43,17040.51,4.5
452,17,SKU-17-00452,Philips Reprehenderit Fuga,Philips,17396.62,13251.51,4.8
453,4,SKU-04-00453,Samsung Est Sint,Samsung,32272.16,20736.47,3.0
454,18,SKU-18-00454,Sony Iusto Qui,Sony,6440.34,4196.98,3.6
455,22,SKU-22-00455,LG Dignissimos Illo,LG,24592.73,17951.26,4.7
456,15,SKU-15-00456,Samsung Neque Dicta,Samsung,15729.79,11390.46,3.6
457,2,SKU-02-00457,Boat Iure Itaque,Boat,17572.1,11613.22,4.3
458,13,SKU-13-00458,Nike Fugit Fugiat,Nike,30350.59,20429.69,3.9
459,2,SKU-02-00459,Puma Quibusdam Unde,Puma,10229.6,8678.77,5.0
460,30,SKU-30-00460,Apple Commodi Nemo,Apple,33590.52,24654.82,3.2
461,6,SKU-06-00461,Sony Et Soluta,Sony,30483.68,19169.11,4.1
462,14,SKU-14-00462,Adidas Aperiam Commodi,Adidas,32817.73,24822.13,4.7
463,30,SKU-30-00463,Puma Dolor Quidem,Puma,13776.01,9453.57,4.2
464,18,SKU-18-00464,Sony Quam Vel,Sony,21391.27,16373.0,2.9
465,18,SKU-18-00465,Puma Eligendi Dolorum,Puma,19604.22,13268.18,3.1
466,1,SKU-01-00466,Samsung Velit Necessitatibus,Samsung,33231.29,24464.42,4.3
467,14,SKU-14-00467,Boat Iure Libero,Boat,11961.94,9543.98,3.7
468,5,SKU-05-00468,Nike Temporibus Possimus,Nike,7399.89,4793.16,4.4
469,2,SKU-02-00469,Tata Provident Aspernatur,Tata,15753.03,10539.09,4.7
470,1,SKU-01-00470,LG Accusantium Quos,LG,6253.67,5231.43,2.6
471,20,SKU-20-00471,Tata Doloremque Quis,Tata,20639.38,17611.83,4.4
472,13,SKU-13-00472,Philips Distinctio Sint,Philips,7405.58,5935.05,4.7
473,2,SKU-02-00473,Sony Perspiciatis Totam,Sony,16190.3,12647.01,4.5
474,24,SKU-24-00474,OnePlus Facilis Nobis,OnePlus,11410.26,8040.7,4.2
475,11,SKU-11-00475,LG Est Nostrum,LG,9246.87,7613.93,4.2
476,8,SKU-08-00476,Puma Quam Provident,Puma,8927.83,7582.47,4.9
477,29,SKU-29-00477,Reliance Odit Maiores,Reliance,32640.23,22798.28,3.6
478,16,SKU-16-00478,Samsung At Magnam,Samsung,38257.03,24310.03,4.2
479,26,SKU-26-00479,Boat Harum Amet,Boat,10747.57,8036.49,2.9
480,13,SKU-13-00480,Sony Doloremque Ut,Sony,25741.78,18884.96,4.6
481,10,SKU-10-00481,Reliance Minus Saepe,Reliance,5018.28,3694.36,2.6
482,14,SKU-14-00482,Puma Magni Magnam,Puma,16916.27,13976.44,3.1
483,7,SKU-07-00483,Adidas Ut Culpa,Adidas,25357.69,16202.98,4.6
484,3,SKU-03-00484,Boat Minima Est,Boat,22418.57,18142.16,3.2
485,22,SKU-22-00485,OnePlus Eum Quod,OnePlus,23320.94,15112.76,3.0
486,25,SKU-25-00486,OnePlus Natus Tempora,OnePlus,25416.17,18135.2,3.7
487,28,SKU-28-00487,Adidas Maiores Veritatis,Adidas,11925.75,7649.38,3.0
488,7,SKU-07-00488,Reliance Ipsum Fugiat,Reliance,4833.29,3021.17,3.7
489,8,SKU-08-00489,Reliance Eius Animi,Reliance,18816.27,15149.6,4.8
490,18,SKU-18-00490,Adidas Illo Sunt,Adidas,25646.79,19410.3,3.8
491,12,SKU-12-00491,Nike Omnis Quis,Nike,9130.85,6612.88,3.7
492,4,SKU-04-00492,Reliance Dignissimos Dolorem,Reliance,18014.17,11790.31,4.8
493,12,SKU-12-00493,Adidas Repellendus Autem,Adidas,14602.24,10406.86,3.1
494,5,SKU-05-00494,Samsung Facilis Amet,Samsung,10355.68,6593.28,3.9
495,14,SKU-14-00495,Nike Consequuntur Quam,Nike,5057.47,3895.04,3.4
496,27,SKU-27-00496,LG Ad Saepe,LG,18104.28,12532.61,4.2
497,9,SKU-09-00497,Philips Neque Dolore,Philips,34769.22,24166.06,3.7
498,6,SKU-06-00498,Reliance Ipsam Ab,Reliance,24394.51,19894.89,4.3
499,16,SKU-16-00499,Sony At Distinctio,Sony,31964.64,22930.79,4.1
500,2,SKU-02-00500,Boat Delectus Quaerat,Boat,1442.54,942.21,4.9
501,22,SKU-22-00501,Samsung Sunt Aliquid,Samsung,25552.3,19132.04,4.6
502,8,SKU-08-00502,Apple Debitis Velit,Apple,20437.64,17708.52,3.8
503,12,SKU-12-00503,Samsung Dolorem Officia,Samsung,22452.56,15484.1,4.0
504,16,SKU-16-00504,Tata Reprehenderit Mollitia,Tata,14121.15,12247.57,3.9
505,1,SKU-01-00505,Samsung Labore Corporis,Samsung,16917.03,13282.5,4.9
506,1,SKU-01-00506,Boat Quia Harum,Boat,29571.48,20347.61,4.5
507,30,SKU-30-00507,Sony Aliquam Voluptas,Sony,3299.24,2764.71,2.9
508,7,SKU-07-00508,OnePlus Ducimus Magni,OnePlus,20035.65,13208.75,3.2
509,13,SKU-13-00509,Apple Culpa Asperiores,Apple,12512.81,9388.98,3.9
510,23,SKU-23-00510,LG Ratione Delectus,LG,11525.33,7569.37,2.7
511,28,SKU-28-00511,Tata Enim Commodi,Tata,22665.75,19013.69,3.4
512,18,SKU-18-00512,Philips Praesentium Ipsa,Philips,1728.22,1497.26,2.9
513,16,SKU-16-00513,Puma Provident Vel,Puma,20990.65,16158.19,4.9
514,4,SKU-04-00514,Boat Tempora Ut,Boat,28811.65,22986.89,4.8
515,23,SKU-23-00515,OnePlus Exercitationem Soluta,OnePlus,13981.13,11939.96,2.7
516,30,SKU-30-00516,Nike Ipsum Exercitationem,Nike,31570.52,22492.86,2.6
517,30,SKU-30-00517,Adidas Recusandae Ad,Adidas,609.04,489.89,2.9
518,27,SKU-27-00518,Reliance Minima Consequatur,Reliance,32207.33,20540.47,3.2
519,19,SKU-19-00519,LG Doloremque Soluta,LG,21774.38,14210.73,4.2
520,18,SKU-18-00520,Adidas Illum Nemo,Adidas,14321.37,9657.77,4.5
521,23,SKU-23-00521,Reliance At Quos,Reliance,3049.42,2052.85,3.4
522,4,SKU-04-00522,Puma Nostrum Voluptate,Puma,6963.61,5880.39,4.0
523,20,SKU-20-00523,OnePlus Vero Repellendus,OnePlus,14947.9,9977.91,2.6
524,9,SKU-09-00524,Philips Consequatur Tempora,Philips,16135.42,12316.03,4.9
525,14,SKU-14-00525,Sony Fuga Perferendis,Sony,24639.45,17024.4,2.7
526,20,SKU-20-00526,Nike Laboriosam Corrupti,Nike,29376.16,19971.57,2.7
527,5,SKU-05-00527,Puma Nobis Non,Puma,25577.34,17820.76,4.3
528,11,SKU-11-00528,Adidas Ducimus Suscipit,Adidas,3172.52,2753.12,3.3
529,12,SKU-12-00529,Nike Consequatur Exercitationem,Nike,3146.32,2645.56,3.6
530,18,SKU-18-00530,Boat Repudiandae Maxime,Boat,15386.49,12859.78,2.7
531,18,SKU-18-00531,Apple Inventore Explicabo,Apple,22489.98,14963.42,4.7
532,1,SKU-01-00532,Nike Excepturi Labore,Nike,15612.32,10403.87,4.3
533,18,SKU-18-00533,LG Eos Quasi,LG,17587.54,14341.81,3.5
534,5,SKU-05-00534,Nike Deserunt Alias,Nike,10423.97,7598.17,2.7
535,14,SKU-14-00535,Nike Tenetur Quo,Nike,14479.88,10585.45,2.7
536,9,SKU-09-00536,LG Velit Dolore,LG,24785.2,18050.4,4.0
537,15,SKU-15-00537,Apple Repellendus Nisi,Apple,4005.32,3473.69,3.5
538,27,SKU-27-00538,OnePlus Perferendis Odio,OnePlus,14702.04,9559.26,3.6
539,14,SKU-14-00539,Tata Ut Iure,Tata,29504.03,24358.21,3.3
540,23,SKU-23-00540,LG Quam Quaerat,LG,14792.87,12027.34,3.5
541,11,SKU-11-00541,Nike Nulla Nemo,Nike,26398.09,18398.37,4.9
542,26,SKU-26-00542,LG Similique Corporis,LG,10482.9,8214.57,4.5
543,12,SKU-12-00543,Apple Quidem Saepe,Apple,28900.41,23308.47,5.0
544,6,SKU-06-00544,Tata Eos Beatae,Tata,22328.46,19213.69,4.3
545,23,SKU-23-00545,LG Accusantium Cupiditate,LG,14114.55,11017.53,4.2
546,27,SKU-27-00546,Puma Accusantium Et,Puma,20441.48,16857.14,3.3
547,9,SKU-09-00547,Tata Repellat Qui,Tata,5278.75,3938.17,3.4
548,15,SKU-15-00548,OnePlus Similique Expedita,OnePlus,16008.17,12032.94,3.8
549,30,SKU-30-00549,Reliance Quidem Animi,Reliance,12267.02,10515.69,4.9
550,23,SKU-23-00550,Boat Commodi Dolorum,Boat,23244.39,14886.12,2.8
551,8,SKU-08-00551,Tata Neque Distinctio,Tata,20394.87,16650.88,4.0
552,19,SKU-19-00552,Tata Commodi Dicta,Tata,22565.92,16969.05,4.4
553,26,SKU-26-00553,Puma Dolorum Reiciendis,Puma,3270.22,2738.02,3.1
554,24,SKU-24-00554,Boat Cumque Culpa,Boat,20423.59,13994.04,3.1
555,12,SKU-12-00555,Puma Possimus Ratione,Puma,16931.35,11630.27,4.2
556,5,SKU-05-00556,Adidas Porro Quisquam,Adidas,34102.97,24942.8,3.2
557,30,SKU-30-00557,Apple Eveniet Occaecati,Apple,4704.38,2990.13,2.9
558,10,SKU-10-00558,Adidas Aut Ut,Adidas,14218.19,11437.78,3.7
559,16,SKU-16-00559,Apple Veritatis Esse,Apple,16114.1,11010.33,3.3
560,10,SKU-10-00560,Samsung Temporibus Numquam,Samsung,24364.61,20273.63,4.6
561,21,SKU-21-00561,Apple Nulla Laudantium,Apple,20759.29,16960.77,5.0
562,8,SKU-08-00562,Boat In Culpa,Boat,5430.7,4443.89,3.9
563,15,SKU-15-00563,LG Ipsa Numquam,LG,28616.41,19964.12,3.0
564,22,SKU-22-00564,Puma Sint Possimus,Puma,14744.16,9950.0,4.7
565,15,SKU-15-00565,OnePlus Ea In,OnePlus,12436.87,10795.87,3.0
566,9,SKU-09-00566,Reliance Quis Enim,Reliance,23842.73,20237.37,2.8
567,28,SKU-28-00567,Boat Perferendis Nisi,Boat,6166.17,4755.3,3.6
568,9,SKU-09-00568,Tata Id Recusandae,Tata,29941.15,21579.65,4.1
569,20,SKU-20-00569,Puma Aspernatur Perferendis,Puma,21667.04,15321.58,3.4
570,28,SKU-28-00570,Philips Temporibus Perspiciatis,Philips,23458.87,15472.33,4.3
571,10,SKU-10-00571,OnePlus Necessitatibus Itaque,OnePlus,21489.27,14795.19,3.3
572,8,SKU-08-00572,Nike Dolores Debitis,Nike,3969.82,3012.03,2.9
573,13,SKU-13-00573,Puma Sapiente Nulla,Puma,21060.92,14951.0,3.6
574,16,SKU-16-00574,Tata Officiis Commodi,Tata,21078.79,13480.74,4.8
575,6,SKU-06-00575,Boat Corporis Praesentium,Boat,5446.23,4254.95,3.0
576,27,SKU-27-00576,Philips Aut Consequatur,Philips,23897.9,15523.31,4.9
577,16,SKU-16-00577,Sony Error Quae,Sony,6559.24,4958.7,3.9
578,21,SKU-21-00578,Philips Doloremque Aliquid,Philips,14106.94,10287.45,4.3
579,15,SKU-15-00579,Philips Eius Doloremque,Philips,5989.34,4264.61,4.5
580,8,SKU-08-00580,Nike Voluptate Laborum,Nike,1143.72,914.11,3.2
581,25,SKU-25-00581,Philips Iure Aperiam,Philips,21243.67,14184.7,3.7
582,17,SKU-17-00582,Apple Eveniet Omnis,Apple,18245.84,14360.58,3.9
583,12,SKU-12-00583,Boat Temporibus Quisquam,Boat,24055.87,20583.01,4.3
584,18,SKU-18-00584,LG Suscipit Consequuntur,LG,29597.69,24745.42,4.6
585,25,SKU-25-00585,LG Ipsa Accusantium,LG,12018.4,7512.95,3.6
586,12,SKU-12-00586,Apple Porro Quae,Apple,17622.55,11032.84,4.4
587,8,SKU-08-00587,LG Quo Est,LG,28696.59,20286.5,3.4
588,23,SKU-23-00588,OnePlus Excepturi Expedita,OnePlus,19418.7,15855.99,2.8
589,7,SKU-07-00589,LG Rem Blanditiis,LG,28349.34,20155.47,3.8
590,20,SKU-20-00590,Boat Repudiandae Sit,Boat,6827.6,4292.6,3.2
591,19,SKU-19-00591,Nike Deleniti Numquam,Nike,32899.68,23814.69,4.8
592,27,SKU-27-00592,Apple Voluptatum Sit,Apple,5170.94,3476.16,3.5
593,2,SKU-02-00593,Nike Tenetur Quos,Nike,26181.38,21689.49,4.7
594,8,SKU-08-00594,Sony Dolore Omnis,Sony,27127.05,17813.73,4.4
595,22,SKU-22-00595,Puma Facilis Nobis,Puma,17323.46,12287.52,3.2
596,14,SKU-14-00596,Puma Quia Quibusdam,Puma,16295.34,11354.59,4.7
597,3,SKU-03-00597,Puma Impedit Vel,Puma,16499.55,12938.78,4.8
598,12,SKU-12-00598,Philips Ea Rem,Philips,30825.1,23761.33,2.5
599,25,SKU-25-00599,Reliance Vitae Mollitia,Reliance,3840.45,2419.23,4.1
600,23,SKU-23-00600,Adidas Aliquid Vitae,Adidas,32072.79,21267.65,3.5
601,14,SKU-14-00601,LG Cum Commodi,LG,16085.42,12418.4,3.2
602,18,SKU-18-00602,OnePlus Dolores Unde,OnePlus,5140.29,3351.8,4.5
603,29,SKU-29-00603,Tata Consequuntur At,Tata,22336.62,19080.13,4.1
604,27,SKU-27-00604,Philips Illum Modi,Philips,792.61,505.41,2.9
605,15,SKU-15-00605,Samsung Doloribus Accusantium,Samsung,33289.9,24796.77,5.0
606,30,SKU-30-00606,Sony Natus Provident,Sony,28372.67,22065.48,4.7
607,29,SKU-29-00607,Nike Ullam Quae,Nike,3180.99,2424.17,2.7
608,22,SKU-22-00608,Tata Dolor Amet,Tata,5607.74,4221.57,3.3
609,23,SKU-23-00609,LG Quidem Pariatur,LG,12848.76,10787.85,2.7
610,7,SKU-07-00610,Philips Sapiente Beatae,Philips,2891.95,2040.67,3.8
611,15,SKU-15-00611,Samsung Enim Quam,Samsung,392.37,300.76,2.8
612,28,SKU-28-00612,Puma Quis Quisquam,Puma,23724.96,17381.37,3.1
613,3,SKU-03-00613,Reliance Quod Sunt,Reliance,24130.21,20168.33,3.4
614,10,SKU-10-00614,Sony Ad Laborum,Sony,14598.85,9629.75,4.7
615,21,SKU-21-00615,Tata Non Accusantium,Tata,5078.64,3657.04,2.5
616,21,SKU-21-00616,Sony Expedita Non,Sony,16312.3,11058.48,4.1
617,5,SKU-05-00617,Puma Officia Necessitatibus,Puma,20830.07,15440.29,3.0
618,29,SKU-29-00618,Apple Quis Numquam,Apple,4323.04,3586.33,4.3
619,12,SKU-12-00619,Puma Quibusdam Quis,Puma,9619.87,7931.14,3.2
620,3,SKU-03-00620,LG Consequuntur Eligendi,LG,19709.05,13879.58,4.0
621,25,SKU-25-00621,Reliance Soluta Molestias,Reliance,1175.84,767.93,4.7
622,7,SKU-07-00622,Boat Veniam Inventore,Boat,18785.75,15212.48,3.5
623,21,SKU-21-00623,Samsung Repellendus Excepturi,Samsung,29566.23,19616.66,3.1
624,13,SKU-13-00624,Apple Cumque Modi,Apple,8770.76,6102.94,2.7
625,29,SKU-29-00625,Samsung Repellendus Iusto,Samsung,38743.77,24673.38,2.8
626,28,SKU-28-00626,OnePlus Eos Ut,OnePlus,14767.5,10579.5,2.9
627,16,SKU-16-00627,Apple Totam Atque,Apple,608.57,515.57,3.2
628,2,SKU-02-00628,Samsung Quas Quidem,Samsung,31528.82,23722.13,3.2
629,23,SKU-23-00629,Boat Ex Maiores,Boat,25741.08,19201.04,3.5
630,21,SKU-21-00630,Boat Qui Animi,Boat,16437.45,13487.62,2.7
631,3,SKU-03-00631,Boat Officiis Fugit,Boat,36583.43,23031.03,2.9
632,11,SKU-11-00632,Puma Ullam Ullam,Puma,21957.15,14702.29,4.1
633,21,SKU-21-00633,Apple Voluptatem Aliquam,Apple,10536.85,7823.22,4.9
634,8,SKU-08-00634,Samsung Saepe In,Samsung,9690.21,6187.55,2.8
635,20,SKU-20-00635,OnePlus Voluptatibus Est,OnePlus,2131.42,1470.21,4.1
636,6,SKU-06-00636,Apple Vel Fugit,Apple,503.31,415.36,2.5
637,16,SKU-16-00637,Adidas Earum Maxime,Adidas,19715.01,13122.83,4.3
638,6,SKU-06-00638,Adidas Impedit Eius,Adidas,4895.76,3260.57,3.2
639,29,SKU-29-00639,Apple Dolore Odio,Apple,22459.97,19308.61,4.5
640,9,SKU-09-00640,Boat Modi Mollitia,Boat,2485.82,1690.41,3.9
641,3,SKU-03-00641,Philips Saepe Quae,Philips,15002.6,11434.42,3.7
642,19,SKU-19-00642,Sony Tenetur Vitae,Sony,11706.29,9255.43,2.8
643,19,SKU-19-00643,Tata Impedit Possimus,Tata,22671.82,18097.18,3.8
644,2,SKU-02-00644,Samsung Error Officia,Samsung,8431.69,6189.33,3.5
645,5,SKU-05-00645,Sony Dolorem Dolorum,Sony,35764.06,23285.89,3.9
646,30,SKU-30-00646,Reliance Fugiat Explicabo,Reliance,24823.25,18542.58,3.3
647,14,SKU-14-00647,Reliance Sint Sint,Reliance,12274.6,8066.38,3.9
648,4,SKU-04-00648,Boat Atque Suscipit,Boat,19795.44,16865.81,3.1
649,17,SKU-17-00649,Samsung Cupiditate Neque,Samsung,28175.02,23856.58,3.7
650,10,SKU-10-00650,Nike Maiores Minus,Nike,11540.56,8249.79,2.5
651,7,SKU-07-00651,Nike Quam Enim,Nike,18193.22,14138.79,4.1
652,15,SKU-15-00652,Adidas Sapiente Rerum,Adidas,20351.2,14833.1,4.4
653,7,SKU-07-00653,Reliance Laudantium Repellat,Reliance,33606.28,22521.04,3.1
654,1,SKU-01-00654,Puma Explicabo Cupiditate,Puma,969.13,695.37,4.1
655,23,SKU-23-00655,Samsung Culpa Nostrum,Samsung,27362.25,23779.66,4.1
656,28,SKU-28-00656,Reliance Minima Possimus,Reliance,21790.5,18207.65,3.8
657,8,SKU-08-00657,Puma Fugiat Totam,Puma,14537.16,12351.52,5.0
658,23,SKU-23-00658,Nike Cum Facilis,Nike,3780.57,2416.36,4.7
659,17,SKU-17-00659,Puma Magni Inventore,Puma,23125.69,17551.09,4.9
660,3,SKU-03-00660,OnePlus Facilis Exercitationem,OnePlus,3000.84,2479.87,4.5
661,3,SKU-03-00661,OnePlus Rerum Labore,OnePlus,19161.67,14238.74,4.9
662,8,SKU-08-00662,Nike Repellat Laboriosam,Nike,8523.86,6598.67,4.5
663,23,SKU-23-00663,Reliance Voluptatum Quasi,Reliance,11132.71,8223.66,3.1
664,7,SKU-07-00664,Sony Ab Maxime,Sony,27584.68,19520.43,2.9
665,6,SKU-06-00665,Philips Officiis Aut,Philips,15601.65,11704.77,3.8
666,25,SKU-25-00666,LG Esse Quis,LG,15422.77,11352.74,4.6
667,3,SKU-03-00667,Sony Placeat Vero,Sony,26007.1,20209.16,4.3
668,20,SKU-20-00668,Samsung Eum Natus,Samsung,8374.42,5454.02,2.9
669,23,SKU-23-00669,LG Alias Voluptate,LG,32162.58,24213.16,2.6
670,10,SKU-10-00670,Nike Quam Quis,Nike,25203.78,20520.23,4.9
671,28,SKU-28-00671,Philips Aspernatur Unde,Philips,19486.45,13943.25,2.7
672,4,SKU-04-00672,Sony Asperiores Quas,Sony,3679.52,3124.19,4.5
673,8,SKU-08-00673,Sony Ab Porro,Sony,6695.89,5033.51,4.2
674,21,SKU-21-00674,Apple Recusandae Ad,Apple,18490.27,14599.86,4.5
675,1,SKU-01-00675,Apple Soluta Et,Apple,7238.02,5023.98,4.5
676,3,SKU-03-00676,Adidas Dolor Sint,Adidas,4959.66,3150.94,2.6
677,30,SKU-30-00677,OnePlus Est Assumenda,OnePlus,16067.06,10885.59,3.7
678,13,SKU-13-00678,Tata Dolorum Quidem,Tata,14040.57,10723.93,4.8
679,9,SKU-09-00679,Nike Laudantium Assumenda,Nike,13636.01,11205.68,4.0
680,20,SKU-20-00680,LG Doloribus Libero,LG,22290.6,16217.23,4.7
681,16,SKU-16-00681,Samsung Illo Veritatis,Samsung,3020.62,2284.27,3.5
682,21,SKU-21-00682,Boat Dolorum Omnis,Boat,10069.28,6303.78,3.9
683,1,SKU-01-00683,Puma Quidem Quaerat,Puma,25667.63,19569.7,3.9
684,16,SKU-16-00684,Adidas Praesentium Fuga,Adidas,31409.86,22825.66,3.5
685,6,SKU-06-00685,Samsung Laboriosam Pariatur,Samsung,10038.48,8040.05,4.7
686,25,SKU-25-00686,Nike Sit Quod,Nike,2488.33,1558.92,3.8
687,25,SKU-25-00687,OnePlus Repellendus Cumque,OnePlus,39691.68,24990.18,2.8
688,22,SKU-22-00688,LG Optio Deleniti,LG,10221.51,6736.52,4.8
689,2,SKU-02-00689,LG Sequi Doloribus,LG,22982.96,14434.73,3.5
690,30,SKU-30-00690,Sony Doloribus Iste,Sony,6353.46,4484.9,4.5
691,23,SKU-23-00691,Adidas Quo Laborum,Adidas,26576.95,22858.1,4.3
692,19,SKU-19-00692,OnePlus Voluptatibus Veniam,OnePlus,5736.83,3638.35,4.6
693,26,SKU-26-00693,Philips Eius Enim,Philips,16713.06,13598.9,2.6
694,2,SKU-02-00694,LG Expedita Vel,LG,17478.85,15081.4,3.7
695,11,SKU-11-00695,OnePlus Voluptatibus Consequatur,OnePlus,6184.37,5116.46,4.3
696,30,SKU-30-00696,Adidas Tempore Reiciendis,Adidas,1925.6,1582.94,4.3
697,5,SKU-05-00697,Apple Minima Suscipit,Apple,32556.0,21177.37,4.9
698,12,SKU-12-00698,Reliance Optio Tenetur,Reliance,31279.99,23553.89,2.8
699,10,SKU-10-00699,Adidas Iure Itaque,Adidas,4270.2,3497.65,4.9
700,26,SKU-26-00700,Tata Tempora Beatae,Tata,34640.7,24020.49,2.9
701,18,SKU-18-00701,Reliance Eligendi Quam,Reliance,31733.76,22251.05,3.4
702,22,SKU-22-00702,OnePlus Harum Quisquam,OnePlus,26907.04,20379.91,4.3
703,10,SKU-10-00703,Sony Exercitationem Praesentium,Sony,5207.34,4524.94,4.3
704,19,SKU-19-00704,Puma Saepe Tempore,Puma,31859.23,21283.85,3.9
705,6,SKU-06-00705,OnePlus Nulla Nobis,OnePlus,12147.43,8023.6,4.0
706,21,SKU-21-00706,OnePlus Quos Asperiores,OnePlus,3697.35,2692.34,3.3
707,3,SKU-03-00707,LG Aliquam Aspernatur,LG,11301.94,8735.57,4.1
708,3,SKU-03-00708,Reliance Nobis Temporibus,Reliance,24809.17,16783.61,3.3
709,1,SKU-01-00709,Nike Sint Inventore,Nike,7779.13,5321.14,3.4
710,26,SKU-26-00710,Apple Nobis Odio,Apple,21134.87,18038.3,3.6
711,14,SKU-14-00711,Sony Eligendi Nam,Sony,30353.46,22125.34,3.4
712,18,SKU-18-00712,Puma Similique Consequuntur,Puma,3585.93,2625.57,4.7
713,21,SKU-21-00713,Tata Laborum Mollitia,Tata,7735.57,5717.01,4.5
714,2,SKU-02-00714,Nike Ad Tenetur,Nike,760.43,599.94,2.8
715,11,SKU-11-00715,Sony Molestiae Explicabo,Sony,27149.04,22209.49,2.7
716,29,SKU-29-00716,Apple Sint Labore,Apple,13567.53,8514.97,4.7
717,23,SKU-23-00717,Samsung Facilis Fuga,Samsung,15654.36,10839.95,4.0
718,14,SKU-14-00718,Sony Deserunt Eum,Sony,1862.16,1433.54,4.9
719,14,SKU-14-00719,Reliance Odit Ducimus,Reliance,21770.39,13897.4,3.9
720,22,SKU-22-00720,Nike Ipsa Odit,Nike,8955.02,7505.28,3.5
721,18,SKU-18-00721,Philips Aperiam Omnis,Philips,5150.26,3924.39,3.6
722,10,SKU-10-00722,Tata Neque Vel,Tata,21400.38,15664.76,2.7
723,7,SKU-07-00723,Sony Expedita Sit,Sony,25420.43,15990.95,3.7
724,4,SKU-04-00724,Nike Quidem Laboriosam,Nike,26752.88,19643.43,4.7
725,9,SKU-09-00725,Apple Quos Vero,Apple,21299.42,16082.47,3.4
726,13,SKU-13-00726,Adidas Minus Mollitia,Adidas,5553.09,4745.92,3.6
727,9,SKU-09-00727,LG Harum Unde,LG,29402.47,20943.26,2.9
728,23,SKU-23-00728,Tata Rem Quas,Tata,3638.12,2507.9,4.5
729,14,SKU-14-00729,OnePlus Quisquam Quibusdam,OnePlus,6788.04,5765.07,3.5
730,17,SKU-17-00730,Puma Ab Sequi,Puma,35230.65,24144.13,4.8
731,19,SKU-19-00731,LG Molestiae Vel,LG,14177.67,11958.93,4.8
732,23,SKU-23-00732,Samsung Dolorum Dolorum,Samsung,19599.2,12602.33,4.5
733,22,SKU-22-00733,OnePlus Voluptate Vel,OnePlus,5948.2,3771.45,3.6
734,6,SKU-06-00734,LG Consequuntur Numquam,LG,24414.04,20230.67,3.6
735,22,SKU-22-00735,Puma Quasi Dicta,Puma,7795.03,5127.79,2.9
736,20,SKU-20-00736,Nike Cum Sit,Nike,11908.8,8061.76,4.5
737,3,SKU-03-00737,Puma Excepturi Tempora,Puma,19512.87,13953.47,4.6
738,17,SKU-17-00738,Philips Ad Id,Philips,26505.55,22937.33,4.3
739,19,SKU-19-00739,Boat Voluptatibus Accusantium,Boat,23489.16,19563.97,2.9
740,19,SKU-19-00740,OnePlus Temporibus Sequi,OnePlus,23142.66,14608.66,2.8
741,4,SKU-04-00741,OnePlus Unde Vero,OnePlus,29335.95,19510.66,4.7
742,29,SKU-29-00742,Adidas Earum Iste,Adidas,27863.63,21959.55,4.1
743,19,SKU-19-00743,OnePlus Ipsa Ullam,OnePlus,14581.18,11878.86,3.5
744,20,SKU-20-00744,OnePlus Ipsa Tempora,OnePlus,22692.68,17052.24,3.5
745,29,SKU-29-00745,Adidas Quis Nesciunt,Adidas,20271.45,17293.79,3.7
746,9,SKU-09-00746,Adidas Vero Et,Adidas,916.46,603.8,3.3
747,9,SKU-09-00747,Philips Assumenda Natus,Philips,31307.27,21470.05,4.9
748,8,SKU-08-00748,Sony Explicabo Quaerat,Sony,11256.75,7581.96,4.4
749,11,SKU-11-00749,Nike Cum Doloribus,Nike,25951.78,18247.11,2.7
750,15,SKU-15-00750,LG Inventore Enim,LG,30456.87,22844.48,3.7
751,17,SKU-17-00751,Adidas Perspiciatis Eos,Adidas,28388.24,20543.33,2.9
752,10,SKU-10-00752,Reliance Ut Amet,Reliance,15403.49,12719.2,4.6
753,29,SKU-29-00753,OnePlus Optio Repudiandae,OnePlus,1015.13,820.81,4.6
754,27,SKU-27-00754,Samsung Iste Minima,Samsung,8555.72,6312.31,4.8
755,23,SKU-23-00755,LG Neque Veritatis,LG,10525.5,6922.04,3.8
756,21,SKU-21-00756,Apple Provident Earum,Apple,21477.92,17061.24,3.7
757,15,SKU-15-00757,Sony Maxime Deserunt,Sony,32748.61,24016.96,3.9
758,12,SKU-12-00758,Sony Ullam Corporis,Sony,26540.62,20957.58,4.6
759,3,SKU-03-00759,Nike Quas Culpa,Nike,918.55,783.52,4.6
760,25,SKU-25-00760,LG Soluta Libero,LG,30904.9,21442.07,4.2
761,9,SKU-09-00761,Tata Minima Perspiciatis,Tata,11934.15,10296.73,4.5
762,25,SKU-25-00762,Tata Voluptatibus Quod,Tata,501.69,321.56,4.1
763,20,SKU-20-00763,Samsung Nobis Asperiores,Samsung,8075.35,5671.87,4.9
764,23,SKU-23-00764,Reliance Sint Incidunt,Reliance,21591.15,16104.23,3.4
765,12,SKU-12-00765,Philips Quam Cupiditate,Philips,8669.78,6374.77,4.2
766,27,SKU-27-00766,OnePlus Neque Quo,OnePlus,11947.37,9989.1,3.8
767,22,SKU-22-00767,Adidas Necessitatibus Adipisci,Adidas,19954.54,14080.28,3.2
768,22,SKU-22-00768,Apple Autem Quod,Apple,15739.94,12095.29,3.2
769,11,SKU-11-00769,Nike Nesciunt Adipisci,Nike,9705.71,6602.56,4.7
770,10,SKU-10-00770,LG Magnam Facere,LG,5728.64,3833.24,4.7
771,26,SKU-26-00771,OnePlus Ad Consectetur,OnePlus,13147.8,10162.05,2.8
772,1,SKU-01-00772,Tata Maxime Blanditiis,Tata,16017.99,12484.58,4.8
773,13,SKU-13-00773,Puma Architecto Voluptates,Puma,26050.47,18444.63,5.0
774,27,SKU-27-00774,LG Ipsam Minus,LG,12716.73,8644.86,4.2
775,21,SKU-21-00775,Philips Ipsum Aliquid,Philips,32928.21,22672.51,3.8
776,28,SKU-28-00776,Sony Commodi Cum,Sony,32482.14,21031.9,3.0
777,4,SKU-04-00777,Philips Beatae Praesentium,Philips,4161.13,3285.81,4.5
778,25,SKU-25-00778,Sony Veritatis Voluptates,Sony,36815.54,23678.39,4.1
779,8,SKU-08-00779,Adidas Ipsum Libero,Adidas,8729.88,5660.87,3.6
780,29,SKU-29-00780,Adidas Vel Ut,Adidas,13223.2,9354.89,3.7
781,4,SKU-04-00781,Philips Quibusdam Blanditiis,Philips,2062.15,1436.56,4.0
782,20,SKU-20-00782,Apple Repudiandae In,Apple,14675.14,11858.27,2.8
783,22,SKU-22-00783,Puma At Fugit,Puma,17758.07,13292.98,4.7
784,5,SKU-05-00784,Sony Officiis Ad,Sony,32356.53,24809.46,5.0
785,29,SKU-29-00785,Philips Atque Officiis,Philips,5639.02,3666.28,3.0
786,3,SKU-03-00786,Philips Aperiam Temporibus,Philips,13361.56,8382.47,3.3
787,2,SKU-02-00787,Samsung Ipsam Laboriosam,Samsung,14129.55,11356.13,4.4
788,19,SKU-19-00788,Sony Soluta Nobis,Sony,18357.12,12290.47,2.7
789,20,SKU-20-00789,Puma Beatae Nemo,Puma,21136.45,15873.84,4.9
790,13,SKU-13-00790,Samsung Odio Molestias,Samsung,1288.53,1039.36,3.4
791,1,SKU-01-00791,Adidas In Quasi,Adidas,26314.65,18945.51,2.5
792,1,SKU-01-00792,Tata Harum Laudantium,Tata,22991.82,18366.72,4.7
793,10,SKU-10-00793,Sony Iusto Magnam,Sony,3657.96,2657.43,3.3
794,3,SKU-03-00794,Samsung Cupiditate Expedita,Samsung,9638.87,7525.24,4.3
795,20,SKU-20-00795,Boat Eaque Odio,Boat,13190.25,8512.1,5.0
796,11,SKU-11-00796,Philips Ad Magnam,Philips,11169.12,9045.35,4.9
797,30,SKU-30-00797,Puma Corporis Consequuntur,Puma,720.81,576.21,5.0
798,7,SKU-07-00798,Reliance Explicabo Quae,Reliance,889.1,645.64,2.8
799,23,SKU-23-00799,Tata Quae Eius,Tata,26144.58,19823.97,4.1
800,25,SKU-25-00800,Boat Praesentium Dolores,Boat,22132.11,15616.06,2.6
801,4,SKU-04-00801,Tata Incidunt Repellendus,Tata,24511.37,20919.39,2.8
802,15,SKU-15-00802,Puma Sequi Sapiente,Puma,4015.53,3177.52,4.3
803,7,SKU-07-00803,Reliance Porro Iste,Reliance,19823.08,17174.93,3.6
804,4,SKU-04-00804,Tata Tenetur Cumque,Tata,18673.03,13055.7,4.3
805,14,SKU-14-00805,Apple Possimus Non,Apple,18332.86,12838.46,3.2
806,26,SKU-26-00806,Apple Dicta Maxime,Apple,17791.66,12493.7,4.4
807,27,SKU-27-00807,Boat Cumque Ea,Boat,31899.1,24330.68,3.5
808,6,SKU-06-00808,Samsung Blanditiis Cupiditate,Samsung,21443.24,13748.66,4.2
809,16,SKU-16-00809,Adidas Laudantium Assumenda,Adidas,6864.13,5939.18,2.7
810,4,SKU-04-00810,OnePlus Adipisci Ea,OnePlus,20397.2,16758.65,2.7
811,17,SKU-17-00811,Apple Fugiat Nihil,Apple,21660.01,18116.73,3.1
812,8,SKU-08-00812,Philips Itaque Eaque,Philips,31718.1,24717.78,3.7
813,4,SKU-04-00813,Sony Aperiam Facere,Sony,33531.92,21866.1,3.4
814,22,SKU-22-00814,Adidas Dicta Eos,Adidas,12871.82,10707.28,4.6
815,29,SKU-29-00815,Samsung Itaque Rerum,Samsung,413.19,340.84,4.1
816,11,SKU-11-00816,Adidas Tempore In,Adidas,35345.81,22373.74,3.2
817,24,SKU-24-00817,Apple Eos Nam,Apple,12231.4,9378.29,2.8
818,13,SKU-13-00818,Philips Assumenda Autem,Philips,9091.14,6868.64,4.6
819,26,SKU-26-00819,Puma Tenetur Eius,Puma,24524.38,16256.28,2.8
820,23,SKU-23-00820,Reliance Magnam Odio,Reliance,2456.08,1560.3,2.9
821,14,SKU-14-00821,OnePlus Optio Doloribus,OnePlus,17039.05,12118.6,3.6
822,20,SKU-20-00822,Puma Sunt Vel,Puma,27791.37,19501.19,4.7
823,29,SKU-29-00823,Reliance Quo Ab,Reliance,29420.58,24338.77,4.8
824,4,SKU-04-00824,Puma Temporibus Quis,Puma,13049.7,11073.13,4.1
825,1,SKU-01-00825,Reliance Facilis Non,Reliance,30109.61,21721.47,4.4
826,24,SKU-24-00826,OnePlus Quaerat Repellat,OnePlus,8970.53,5677.22,4.7
827,17,SKU-17-00827,Boat Magnam Quidem,Boat,24618.33,17237.22,3.6
828,24,SKU-24-00828,LG Quasi Cumque,LG,17528.98,12100.05,4.1
829,5,SKU-05-00829,Boat Debitis Autem,Boat,31813.19,22312.34,2.5
830,30,SKU-30-00830,Sony Eaque Non,Sony,17271.51,12688.63,3.7
831,6,SKU-06-00831,Apple Cupiditate Voluptatibus,Apple,24346.29,18810.61,3.3
832,9,SKU-09-00832,Samsung Molestias Maxime,Samsung,17782.59,12722.54,3.4
833,27,SKU-27-00833,LG Culpa Expedita,LG,2784.65,2062.88,3.9
834,3,SKU-03-00834,Philips Repellendus Odio,Philips,13516.79,11232.0,3.7
835,21,SKU-21-00835,Samsung Rerum Assumenda,Samsung,3546.99,2655.82,3.9
836,1,SKU-01-00836,Apple Ipsam Repellat,Apple,31376.24,19815.4,4.1
837,29,SKU-29-00837,Boat Consequatur Blanditiis,Boat,20371.42,14102.08,3.6
838,11,SKU-11-00838,Adidas Fuga Ratione,Adidas,31336.01,20650.24,4.6
839,11,SKU-11-00839,Boat Rem Reprehenderit,Boat,27275.89,19208.67,4.3
840,12,SKU-12-00840,Reliance Quibusdam Debitis,Reliance,13571.72,11368.06,4.1
841,1,SKU-01-00841,Adidas Nam Minus,Adidas,12834.47,8942.96,4.5
842,18,SKU-18-00842,Boat Fuga Cumque,Boat,11271.57,9409.87,4.7
843,16,SKU-16-00843,Sony Amet Commodi,Sony,30519.32,20563.78,3.5
844,9,SKU-09-00844,OnePlus Inventore Quaerat,OnePlus,5995.71,4978.44,4.6
845,7,SKU-07-00845,Philips Nisi Dicta,Philips,25495.47,20631.4,3.3
846,25,SKU-25-00846,Puma Suscipit Culpa,Puma,1804.98,1257.86,4.2
847,4,SKU-04-00847,Philips Illum Iste,Philips,16259.09,11488.96,3.8
848,16,SKU-16-00848,Samsung Maxime Iure,Samsung,15592.81,13306.07,4.8
849,27,SKU-27-00849,OnePlus Ullam Alias,OnePlus,16717.36,12125.01,4.8
850,6,SKU-06-00850,Reliance Et Delectus,Reliance,21450.35,14506.0,2.8
851,13,SKU-13-00851,Tata Earum Quo,Tata,23291.13,15053.6,3.8
852,13,SKU-13-00852,Puma Sit Officia,Puma,38256.62,24489.57,4.4
853,9,SKU-09-00853,Puma Mollitia Voluptatibus,Puma,38229.64,24093.48,3.6
854,5,SKU-05-00854,Sony Officiis Earum,Sony,15202.9,10377.36,4.4
855,10,SKU-10-00855,Reliance Est Nobis,Reliance,17742.39,13740.37,4.3
856,18,SKU-18-00856,Tata Inventore Earum,Tata,6858.76,5511.83,4.3
857,22,SKU-22-00857,Adidas Quis Incidunt,Adidas,27868.72,23037.67,4.3
858,6,SKU-06-00858,Boat Aliquid Facere,Boat,19549.24,13608.04,4.3
859,25,SKU-25-00859,Adidas Perspiciatis Fugiat,Adidas,19914.01,14100.78,4.9
860,23,SKU-23-00860,Puma Neque Libero,Puma,26215.25,16888.66,3.8
861,29,SKU-29-00861,Puma Consequatur Aspernatur,Puma,28018.73,20226.79,2.6
862,5,SKU-05-00862,Samsung Esse Officia,Samsung,20818.03,16789.33,4.4
863,6,SKU-06-00863,Nike Natus A,Nike,20811.73,17116.42,2.7
864,26,SKU-26-00864,Nike Excepturi Iusto,Nike,7217.94,5179.62,3.4
865,15,SKU-15-00865,Apple Qui Nihil,Apple,22451.17,15441.11,3.9
866,8,SKU-08-00866,Reliance Eius Delectus,Reliance,21482.57,16213.27,3.8
867,26,SKU-26-00867,Reliance Nisi Incidunt,Reliance,10523.09,7262.2,4.8
868,13,SKU-13-00868,Puma Tenetur Quis,Puma,38014.74,23921.88,3.3
869,18,SKU-18-00869,Samsung Ab Recusandae,Samsung,534.08,422.83,4.1
870,25,SKU-25-00870,Philips Quidem Ad,Philips,32399.39,20766.59,4.3
871,21,SKU-21-00871,Adidas Modi Cumque,Adidas,26387.0,18902.18,4.0
872,25,SKU-25-00872,Reliance Impedit Reprehenderit,Reliance,30919.23,24110.82,2.9
873,22,SKU-22-00873,Apple Nulla Occaecati,Apple,5841.01,4755.72,3.8
874,13,SKU-13-00874,Samsung Perspiciatis Iusto,Samsung,15082.83,10769.84,2.8
875,19,SKU-19-00875,Nike Consequatur Inventore,Nike,327.13,240.56,4.8
876,2,SKU-02-00876,Sony Ab Ab,Sony,32943.83,23222.84,4.4
877,21,SKU-21-00877,OnePlus Nobis Modi,OnePlus,27117.0,21094.19,4.5
878,18,SKU-18-00878,Adidas Distinctio Necessitatibus,Adidas,2811.7,1914.73,3.8
879,6,SKU-06-00879,Boat Ab Facere,Boat,2475.84,1797.59,3.5
880,18,SKU-18-00880,Puma Quia Praesentium,Puma,2985.7,2389.44,3.0
881,11,SKU-11-00881,Adidas Ex Accusamus,Adidas,11339.4,9083.87,4.4
882,17,SKU-17-00882,Philips Consequatur Nesciunt,Philips,37888.93,24916.11,5.0
883,1,SKU-01-00883,Apple Corporis Necessitatibus,Apple,22630.59,16756.57,4.8
884,20,SKU-20-00884,OnePlus Non Corporis,OnePlus,7207.74,6171.3,4.7
885,13,SKU-13-00885,Apple Laboriosam Qui,Apple,13524.71,9708.31,3.2
886,30,SKU-30-00886,Boat Dolore Eligendi,Boat,27126.98,20570.52,4.5
887,15,SKU-15-00887,Philips Ea Laudantium,Philips,1852.5,1191.91,3.0
888,17,SKU-17-00888,Apple Minima Adipisci,Apple,29053.09,23710.47,4.9
889,18,SKU-18-00889,Boat Voluptas Facilis,Boat,333.23,282.53,4.2
890,25,SKU-25-00890,LG Quasi Modi,LG,29013.3,21637.28,2.8
891,18,SKU-18-00891,Reliance Eum Soluta,Reliance,32607.08,21978.07,3.6
892,27,SKU-27-00892,Apple Laborum Quod,Apple,22795.89,18697.58,3.6
893,11,SKU-11-00893,Samsung Ipsum Praesentium,Samsung,2676.82,2279.27,4.5
894,18,SKU-18-00894,Apple Eos Error,Apple,18055.88,14416.56,3.1
895,13,SKU-13-00895,Philips Sit Harum,Philips,21238.6,15792.41,2.5
896,22,SKU-22-00896,Apple Temporibus Ut,Apple,19302.78,13417.38,4.0
897,25,SKU-25-00897,Reliance Placeat Vitae,Reliance,21514.43,14681.64,2.7
898,30,SKU-30-00898,Boat Asperiores Inventore,Boat,4125.4,2742.77,3.3
899,3,SKU-03-00899,Nike Aliquid Architecto,Nike,25801.35,19155.33,3.5
900,22,SKU-22-00900,Samsung Quod Voluptates,Samsung,16544.9,11902.29,2.8
901,13,SKU-13-00901,Boat Temporibus Consequatur,Boat,10685.9,7444.96,3.2
902,29,SKU-29-00902,Reliance Cupiditate Aspernatur,Reliance,25662.69,16233.72,2.5
903,28,SKU-28-00903,Boat Deleniti Hic,Boat,4231.29,3620.21,3.9
904,13,SKU-13-00904,Boat Sint A,Boat,16319.47,13733.38,3.0
905,24,SKU-24-00905,Reliance Explicabo A,Reliance,11569.67,8661.91,4.1
906,17,SKU-17-00906,Sony Incidunt Nesciunt,Sony,5132.05,4107.76,4.6
907,7,SKU-07-00907,Apple Beatae Provident,Apple,6969.17,4615.81,4.6
908,28,SKU-28-00908,Boat Doloribus Libero,Boat,16188.99,11585.5,3.2
909,3,SKU-03-00909,Nike Nam Itaque,Nike,3758.09,2545.24,3.7
910,11,SKU-11-00910,Adidas Nam Cum,Adidas,4757.63,3292.56,2.8
911,20,SKU-20-00911,Apple Temporibus Cupiditate,Apple,29109.33,22512.95,3.6
912,20,SKU-20-00912,Tata Similique Ullam,Tata,10895.14,7711.32,3.9
913,12,SKU-12-00913,Adidas Debitis Ratione,Adidas,29385.28,23970.61,3.3
914,26,SKU-26-00914,LG Doloribus Minima,LG,25651.68,17833.76,3.2
915,12,SKU-12-00915,Sony Distinctio Occaecati,Sony,22114.45,17021.55,3.7
916,15,SKU-15-00916,Adidas Facilis Numquam,Adidas,26549.9,19391.7,2.8
917,21,SKU-21-00917,OnePlus Ipsum Praesentium,OnePlus,2732.69,2141.14,4.6
918,29,SKU-29-00918,Boat Alias Rem,Boat,7387.39,4991.16,4.1
919,24,SKU-24-00919,Apple Dolor Doloribus,Apple,34191.17,22313.42,4.1
920,27,SKU-27-00920,OnePlus Quidem Laudantium,OnePlus,21715.92,14514.63,3.0
921,2,SKU-02-00921,Boat Voluptas Iusto,Boat,10228.61,6589.35,3.8
922,21,SKU-21-00922,Sony Expedita Quidem,Sony,11515.59,9208.88,4.4
923,24,SKU-24-00923,Nike Perspiciatis Maxime,Nike,4722.99,3433.64,2.7
924,12,SKU-12-00924,Boat Praesentium Voluptas,Boat,457.39,363.73,4.9
925,20,SKU-20-00925,Tata Consequatur Quas,Tata,5842.47,4229.5,3.6
926,6,SKU-06-00926,OnePlus Mollitia Assumenda,OnePlus,34320.8,23722.92,4.9
927,24,SKU-24-00927,Reliance Laboriosam Nemo,Reliance,15920.1,12139.24,3.0
928,16,SKU-16-00928,LG Sit Hic,LG,2191.87,1665.24,2.6
929,7,SKU-07-00929,Boat Consequatur Qui,Boat,29798.31,22702.38,3.7
930,15,SKU-15-00930,Samsung Modi Voluptatibus,Samsung,1576.84,1093.63,2.8
931,17,SKU-17-00931,Tata Blanditiis Doloribus,Tata,31670.65,20758.21,3.2
932,18,SKU-18-00932,OnePlus Dolor Tempora,OnePlus,6395.96,4428.86,3.4
933,21,SKU-21-00933,Apple Voluptate Ipsum,Apple,17105.23,12964.91,4.8
934,17,SKU-17-00934,Puma Nisi Quas,Puma,13690.44,8887.16,3.7
935,16,SKU-16-00935,OnePlus Non Repudiandae,OnePlus,408.82,264.28,3.6
936,8,SKU-08-00936,Apple Eveniet Inventore,Apple,16480.52,12912.08,2.9
937,6,SKU-06-00937,Adidas Optio A,Adidas,22901.49,15090.3,4.2
938,14,SKU-14-00938,Adidas Libero A,Adidas,24647.26,18034.37,3.7
939,7,SKU-07-00939,OnePlus Ratione Eius,OnePlus,6275.48,4115.03,2.6
940,2,SKU-02-00940,Sony Quidem Quisquam,Sony,17579.43,14379.81,4.1
941,2,SKU-02-00941,OnePlus Expedita Cumque,OnePlus,4601.7,3756.94,4.8
942,17,SKU-17-00942,Puma Occaecati Dolorum,Puma,21088.02,15024.0,2.5
943,24,SKU-24-00943,Reliance Nam Dignissimos,Reliance,21178.6,16577.45,2.7
944,15,SKU-15-00944,OnePlus Laboriosam Esse,OnePlus,38230.09,24820.12,2.9
945,27,SKU-27-00945,Puma Sequi Laborum,Puma,22705.44,15060.88,4.6
946,6,SKU-06-00946,OnePlus Laborum Pariatur,OnePlus,20971.11,16525.25,4.3
947,11,SKU-11-00947,Philips Debitis Nihil,Philips,17659.99,14953.68,3.4
948,5,SKU-05-00948,Apple Inventore Culpa,Apple,709.8,512.41,4.8
949,22,SKU-22-00949,Puma Natus Ab,Puma,29417.17,20680.2,2.9
950,29,SKU-29-00950,OnePlus Laboriosam Odit,OnePlus,23229.46,15035.36,3.8
951,25,SKU-25-00951,Apple Provident Beatae,Apple,3501.7,2420.43,4.8
952,18,SKU-18-00952,Samsung Atque Saepe,Samsung,33622.44,22434.53,4.1
953,17,SKU-17-00953,Puma Modi Temporibus,Puma,10902.99,9322.4,3.8
954,8,SKU-08-00954,Philips Ab Deleniti,Philips,26113.86,19759.93,4.0
955,24,SKU-24-00955,Reliance Facilis Accusantium,Reliance,19378.09,14445.41,3.1
956,25,SKU-25-00956,LG Debitis Assumenda,LG,27033.8,22761.13,4.0
957,18,SKU-18-00957,Puma Et Sit,Puma,7513.29,6519.34,4.4
958,1,SKU-01-00958,OnePlus Enim Quae,OnePlus,18144.58,13111.26,3.4
959,7,SKU-07-00959,Reliance Nihil Cumque,Reliance,26848.69,20126.75,2.8
960,14,SKU-14-00960,Tata Voluptatibus Cumque,Tata,18602.74,14675.72,3.8
961,19,SKU-19-00961,Adidas Mollitia Distinctio,Adidas,24480.73,15335.83,3.5
962,7,SKU-07-00962,Puma Nemo Aspernatur,Puma,19398.88,13847.41,2.9
963,18,SKU-18-00963,Boat Similique Ab,Boat,19370.2,12145.63,3.9
964,25,SKU-25-00964,Reliance Nemo Neque,Reliance,12137.59,10013.43,4.7
965,4,SKU-04-00965,Reliance Atque Quo,Reliance,8745.93,5821.31,4.9
966,4,SKU-04-00966,LG Molestiae Sunt,LG,19184.29,12757.75,4.5
967,20,SKU-20-00967,Reliance Reprehenderit Quidem,Reliance,20119.11,17145.65,3.5
968,21,SKU-21-00968,Samsung A Nemo,Samsung,30605.14,20128.8,3.7
969,20,SKU-20-00969,Puma Nulla Suscipit,Puma,2910.58,2294.7,3.4
970,20,SKU-20-00970,Samsung Ratione Quod,Samsung,28458.06,18139.92,3.5
971,21,SKU-21-00971,Boat Cupiditate Sed,Boat,11454.22,7233.08,2.6
972,25,SKU-25-00972,Sony Ratione Nobis,Sony,21618.88,16043.25,3.0
973,22,SKU-22-00973,Boat Ea Reprehenderit,Boat,8414.01,7221.56,4.0
974,17,SKU-17-00974,Reliance Culpa Ipsa,Reliance,7196.48,5868.61,2.6
975,8,SKU-08-00975,Tata Quibusdam In,Tata,130.81,107.15,5.0
976,25,SKU-25-00976,Puma Officia Placeat,Puma,11808.09,8892.88,4.0
977,17,SKU-17-00977,Samsung Labore Facilis,Samsung,21786.54,18449.45,2.7
978,10,SKU-10-00978,Reliance Accusantium Eligendi,Reliance,32423.79,20761.14,3.4
979,27,SKU-27-00979,Nike Quis Quaerat,Nike,9080.28,5734.76,3.6
980,13,SKU-13-00980,OnePlus Ipsum Illo,OnePlus,265.19,215.82,3.8
981,18,SKU-18-00981,Apple Deserunt Maiores,Apple,16455.28,12628.91,2.8
982,17,SKU-17-00982,Nike Rem Soluta,Nike,33221.62,21915.21,3.9
983,23,SKU-23-00983,Philips Cum Nobis,Philips,33899.44,24154.78,4.4
984,25,SKU-25-00984,Adidas Exercitationem Molestiae,Adidas,32602.82,24034.84,3.7
985,19,SKU-19-00985,Samsung Maiores Nesciunt,Samsung,15320.17,12101.06,3.5
986,26,SKU-26-00986,LG Libero Voluptatum,LG,21252.72,16955.13,3.3
987,12,SKU-12-00987,Boat Aut Sint,Boat,19691.22,13437.73,3.2
988,10,SKU-10-00988,Apple Sequi Repellat,Apple,14919.17,10033.37,3.4
989,18,SKU-18-00989,Sony Facere Reiciendis,Sony,15664.9,11966.23,4.7
990,9,SKU-09-00990,Sony Accusamus Dicta,Sony,34515.91,23683.24,4.8
991,16,SKU-16-00991,Reliance Dolorum Fuga,Reliance,7510.9,5071.7,4.7
992,7,SKU-07-00992,LG Molestiae Aperiam,LG,6499.77,5148.89,4.0
993,5,SKU-05-00993,Apple Ad Accusantium,Apple,3656.67,3084.97,4.9
994,16,SKU-16-00994,OnePlus Quod Quas,OnePlus,406.85,264.93,4.9
995,28,SKU-28-00995,Philips Voluptatibus Eaque,Philips,12070.3,9342.79,4.7
996,29,SKU-29-00996,OnePlus Nostrum Rem,OnePlus,29792.05,21732.34,5.0
997,30,SKU-30-00997,Boat Ipsum Architecto,Boat,8847.89,7078.64,3.9
998,2,SKU-02-00998,Boat Nobis Facilis,Boat,27307.37,20001.82,3.9
999,17,SKU-17-00999,Adidas Sapiente Possimus,Adidas,14447.82,9903.55,2.9
1000,4,SKU-04-01000,Reliance Quam Tempore,Reliance,16800.84,13003.31,2.5
